sample_index,stream_sample
0,26208
1,48688
2,49312
3,40224
4,27488
5,14432
6,4416
7,32
8,2816
9,11648
10,24272
11,37408
12,47632
13,52288
14,41296
15,28784
16,15584
17,5168
18,192
19,2000
20,10608
21,22992
22,36224
23,46864
24,52128
25,50656
26,42832
27,16768
28,5952
29,384
30,1536
31,9088
32,21728
33,35040
34,46048
35,51904
36,51088
37,43808
38,31312
39,6784
40,640
41,1136
42,8144
43,20464
44,33808
45,45184
46,51632
47,51456
48,44736
49,32576
50,19216
51,7680
52,784
53,7232
54,19216
55,32576
56,44272
57,51280
58,51776
59,45184
60,33808
61,20464
62,8608
63,1328
64,6784
65,17984
66,31312
67,43328
68,51088
69,51904
70,46048
71,35040
72,21728
73,9088
74,1536
75,384
76,5952
77,30688
78,42832
79,50656
80,52128
81,46464
82,35648
83,22368
84,10096
85,2000
86,288
87,5552
88,16192
89,42320
90,50416
91,52224
92,47248
93,36224
94,22992
95,10608
96,2256
97,128
98,5168
99,15584
100,28784
101,41296
102,52288
103,47632
104,37408
105,23632
106,11120
107,2528
108,80
109,4784
110,15008
111,28144
112,40768
113,49888
114,48000
115,37984
116,24272
117,11648
118,2816
119,32
120,4416
121,14432
122,27488
123,40768
124,49600
125,52384
126,48336
127,24928
128,12192
129,3104
130,32
131,4080
132,13856
133,27488
134,40224
135,49312
136,52400
137,48336
138,38560
139,12192
140,3104
141,16
142,3728
143,13856
144,26848
145,39680
146,49312
147,52400
148,48688
149,38560
150,25568
151,12736
152,16
153,3728
154,13296
155,26848
156,39680
157,49008
158,52400
159,48688
160,39120
161,25568
162,12736
163,3408
164,3728
165,13296
166,26208
167,39680
168,49008
169,52416
170,48688
171,39120
172,26208
173,12736
174,3408
175,0
176,3728
177,26208
178,39680
179,49008
180,52416
181,48688
182,39120
183,26208
184,12736
185,3408
186,0
187,3728
188,13296
189,39680
190,49008
191,52400
192,48688
193,39120
194,25568
195,12736
196,3408
197,16
198,3728
199,13296
200,26848
201,39680
202,52400
203,48688
204,38560
205,25568
206,12736
207,3104
208,16
209,3728
210,13856
211,26848
212,40224
213,49312
214,48336
215,38560
216,25568
217,12192
218,3104
219,32
220,4080
221,13856
222,27488
223,40224
224,49600
225,52384
226,48336
227,24928
228,11648
229,2816
230,32
231,4416
232,14432
233,28144
234,40768
235,49600
236,52336
237,48000
238,37408
239,11648
240,2528
241,80
242,4784
243,15008
244,28144
245,41296
246,49888
247,52288
248,47632
249,36832
250,23632
251,11120
252,128
253,5168
254,15584
255,29424
256,41808
257,50160
258,52224
259,47248
260,36224
261,22992
262,10096
263,2000
264,5552
265,16192
266,30048
267,42320
268,50656
269,52128
270,46464
271,35648
272,22368
273,9584
274,1760
275,384
276,5952
277,30688
278,43328
279,50880
280,51904
281,46048
282,35040
283,21104
284,9088
285,1328
286,512
287,6784
288,17984
289,43808
290,51280
291,51776
292,45184
293,33808
294,19840
295,8144
296,960
297,784
298,7232
299,19216
300,32576
301,44736
302,51456
303,44736
304,32576
305,19216
306,7232
307,784
308,1136
309,8144
310,20464
311,33808
312,45632
313,51776
314,43808
315,31312
316,17984
317,6368
318,512
319,1536
320,9088
321,21728
322,35040
323,46464
324,52032
325,50656
326,42832
327,16768
328,5552
329,288
330,2000
331,10608
332,22992
333,36832
334,47248
335,52288
336,50160
337,41296
338,28784
339,4784
340,80
341,2528
342,11648
343,24272
344,37984
345,48000
346,52384
347,49312
348,40224
349,26848
350,13856
351,3728
352,3408
353,12736
354,26208
355,39120
356,49008
357,52400
358,48688
359,38560
360,25568
361,12192
362,3104
363,32
364,14432
365,28144
366,40768
367,49888
368,52336
369,47632
370,37408
371,23632
372,10608
373,2256
374,192
375,5168
376,16192
377,42320
378,50656
379,52128
380,46464
381,35648
382,21728
383,9584
384,1536
385,512
386,6368
387,17984
388,31312
389,51280
390,51776
391,45184
392,33808
393,19840
394,7680
395,960
396,960
397,7680
398,19840
399,33808
400,45184
401,51776
402,43808
403,31312
404,17984
405,6368
406,512
407,1536
408,9584
409,21728
410,35648
411,46864
412,52128
413,50416
414,29424
415,15584
416,5168
417,128
418,2528
419,11120
420,24272
421,37408
422,48000
423,52384
424,49600
425,40224
426,26848
427,3728
428,16
429,3408
430,13296
431,26208
432,39680
433,49312
434,52400
435,48336
436,37984
437,24928
438,11648
439,80
440,4784
441,15584
442,28784
443,41808
444,50160
445,52224
446,46864
447,36224
448,22368
449,9584
450,1760
451,384
452,17376
453,31312
454,43808
455,51088
456,51776
457,45184
458,33808
459,19840
460,7680
461,784
462,960
463,8144
464,33808
465,45632
466,51904
467,51088
468,43328
469,30688
470,17376
471,5952
472,288
473,1760
474,10096
475,22992
476,36832
477,52288
478,49888
479,41296
480,28144
481,14432
482,4416
483,32
484,3104
485,12736
486,25568
487,39120
488,49008
489,48688
490,38560
491,24928
492,12192
493,2816
494,80
495,4416
496,15008
497,28784
498,41808
499,50160
500,52224
501,46864
502,22368
503,9584
504,1536
505,384
506,6368
507,17984
508,31952
509,43808
510,51280
511,51632
512,44736
513,33200
514,7232
515,784
516,1136
517,8608
518,21104
519,34432
520,46048
521,52032
522,50656
523,42832
524,30048
525,16192
526,5168
527,2256
528,11120
529,24272
530,37984
531,48000
532,52384
533,49312
534,39680
535,26848
536,13296
537,3408
538,16
539,13856
540,27488
541,40768
542,49888
543,52336
544,47632
545,36832
546,22992
547,10608
548,2000
549,288
550,5952
551,17376
552,43328
553,51088
554,51776
555,45184
556,33808
557,19840
558,7680
559,784
560,1136
561,8144
562,20464
563,34432
564,52032
565,50880
566,42832
567,30048
568,16192
569,5168
570,192
571,2256
572,11120
573,24272
574,37984
575,48000
576,52384
577,39680
578,26208
579,12736
580,3408
581,16
582,4080
583,14432
584,28144
585,40768
586,49888
587,52288
588,47248
589,22368
590,10096
591,1760
592,384
593,6368
594,17984
595,31952
596,44272
597,51280
598,51632
599,44736
600,32576
601,18608
602,640
603,1328
604,9088
605,21728
606,35648
607,46864
608,52224
609,50416
610,41808
611,28784
612,15008
613,4416
614,3104
615,12192
616,25568
617,39120
618,49008
619,52400
620,48336
621,37984
622,24272
623,11648
624,2528
625,128
626,5168
627,30048
628,42832
629,50880
630,52032
631,46048
632,34432
633,20464
634,8144
635,960
636,960
637,8144
638,20464
639,45632
640,51904
641,50880
642,42832
643,30048
644,16192
645,5168
646,128
647,2256
648,11120
649,24272
650,37984
651,48336
652,49008
653,39120
654,25568
655,12192
656,2816
657,80
658,4416
659,15008
660,28784
661,41808
662,50416
663,52128
664,35040
665,21104
666,8608
667,1136
668,784
669,7680
670,19216
671,33200
672,45184
673,51776
674,51088
675,43328
676,30688
677,5552
678,192
679,2256
680,11120
681,24272
682,37984
683,48336
684,52400
685,49312
686,39680
687,26208
688,12736
689,32
690,4416
691,15008
692,28784
693,41808
694,50416
695,52128
696,46464
697,35040
698,21104
699,8608
700,1136
701,784
702,19840
703,33808
704,45632
705,51904
706,50880
707,42832
708,30048
709,16192
710,5168
711,128
712,2256
713,11120
714,37984
715,48336
716,52400
717,49008
718,39120
719,25568
720,12192
721,2816
722,80
723,4784
724,15584
725,29424
726,42320
727,52032
728,46048
729,34432
730,20464
731,8144
732,960
733,960
734,8144
735,20464
736,34432
737,46048
738,52032
739,42320
740,29424
741,15584
742,4784
743,32
744,3104
745,12736
746,26208
747,39680
748,49312
749,52384
750,48000
751,37408
752,10608
753,2000
754,288
755,5952
756,17376
757,31312
758,43808
759,51280
760,51632
761,44736
762,32576
763,18608
764,512
765,1536
766,9584
767,22368
768,36224
769,47632
770,52336
771,49600
772,40224
773,26848
774,13296
775,3408
776,16
777,14432
778,28144
779,41296
780,50160
781,52224
782,46864
783,35648
784,21728
785,8608
786,1136
787,784
788,7680
789,33808
790,45632
791,51904
792,50880
793,42832
794,30048
795,16192
796,5168
797,80
798,2816
799,12192
800,25568
801,39120
802,52400
803,48336
804,37984
805,24272
806,11120
807,2000
808,288
809,5952
810,17376
811,31312
812,43808
813,51280
814,44736
815,32576
816,17984
817,6368
818,384
819,1760
820,10096
821,22992
822,36832
823,47632
824,52336
825,49312
826,39680
827,12736
828,3104
829,32
830,4416
831,15008
832,29424
833,42320
834,50656
835,52032
836,46048
837,34432
838,20464
839,784
840,1136
841,8608
842,21104
843,35040
844,46464
845,52128
846,50160
847,41296
848,28144
849,14432
850,4080
851,16
852,13856
853,27488
854,40768
855,49888
856,52288
857,47248
858,35648
859,21728
860,9088
861,1328
862,640
863,7232
864,33808
865,45632
866,51904
867,50880
868,42832
869,29424
870,15584
871,4784
872,80
873,2816
874,12192
875,26208
876,39680
877,52384
878,48000
879,36832
880,22992
881,10096
882,1760
883,384
884,6368
885,18608
886,32576
887,44736
888,51632
889,43328
890,30688
891,16768
892,5552
893,192
894,2528
895,11648
896,24928
897,38560
898,48688
899,52400
900,48336
901,37984
902,10608
903,2000
904,288
905,5952
906,17376
907,31952
908,44272
909,51456
910,51456
911,44272
912,31312
913,17376
914,288
915,2256
916,11120
917,24272
918,37984
919,48688
920,52416
921,48688
922,38560
923,24928
924,11120
925,2256
926,192
927,17376
928,31312
929,43808
930,51280
931,51456
932,44272
933,31952
934,17984
935,5952
936,288
937,2000
938,10608
939,37984
940,48336
941,52400
942,48688
943,38560
944,24928
945,11648
946,2256
947,192
948,5552
949,17376
950,31312
951,43808
952,51456
953,44272
954,31952
955,17984
956,5952
957,288
958,2000
959,11120
960,24272
961,37984
962,48336
963,52416
964,38560
965,24272
966,11120
967,2256
968,192
969,5952
970,17376
971,31312
972,44272
973,51456
974,51456
975,43808
976,31312
977,5952
978,192
979,2256
980,11120
981,24928
982,38560
983,48688
984,52400
985,48336
986,37984
987,23632
988,10608
989,288
990,6368
991,17984
992,31952
993,44736
994,51632
995,51280
996,43328
997,30688
998,16768
999,5168
1000,128
1001,2528
1002,25568
1003,39120
1004,49312
1005,52384
1006,48000
1007,36832
1008,22992
1009,10096
1010,1536
1011,512
1012,6784
1013,19216
1014,45184
1015,51904
1016,50880
1017,42832
1018,29424
1019,15584
1020,4416
1021,32
1022,3104
1023,13296
1024,26848
1025,40224
1026,49888
1027,47248
1028,35648
1029,21728
1030,8608
1031,1136
1032,784
1033,8144
1034,20464
1035,34432
1036,46464
1037,52128
1038,50160
1039,28144
1040,13856
1041,3728
1042,0
1043,4080
1044,14432
1045,28784
1046,41808
1047,50416
1048,52032
1049,46048
1050,34432
1051,19840
1052,640
1053,1328
1054,9088
1055,22368
1056,36224
1057,47632
1058,52336
1059,49600
1060,39680
1061,26208
1062,12192
1063,2816
1064,5168
1065,16192
1066,30688
1067,43328
1068,51280
1069,51632
1070,44736
1071,31952
1072,17984
1073,5952
1074,288
1075,2000
1076,11120
1077,38560
1078,48688
1079,52400
1080,48336
1081,37984
1082,23632
1083,10608
1084,1760
1085,384
1086,6784
1087,18608
1088,32576
1089,51776
1090,50880
1091,42832
1092,29424
1093,15584
1094,4416
1095,32
1096,3104
1097,13296
1098,26848
1099,40768
1100,49888
1101,52224
1102,35040
1103,21104
1104,8608
1105,960
1106,960
1107,8608
1108,21104
1109,35648
1110,46864
1111,52288
1112,49888
1113,40224
1114,12736
1115,3104
1116,80
1117,4784
1118,15584
1119,30048
1120,42832
1121,51088
1122,51776
1123,44736
1124,32576
1125,17984
1126,6368
1127,2000
1128,11120
1129,24272
1130,38560
1131,48688
1132,52400
1133,48336
1134,37408
1135,23632
1136,10096
1137,1760
1138,512
1139,19216
1140,33200
1141,45632
1142,51904
1143,50656
1144,42320
1145,28784
1146,15008
1147,4080
1148,16
1149,3728
1150,13856
1151,28144
1152,50416
1153,52128
1154,46048
1155,34432
1156,19840
1157,7680
1158,640
1159,1328
1160,9584
1161,22368
1162,36832
1163,47632
1164,49008
1165,39120
1166,24928
1167,11648
1168,2256
1169,192
1170,5952
1171,17376
1172,31952
1173,44272
1174,51632
1175,51280
1176,43328
1177,16192
1178,4784
1179,80
1180,3104
1181,12736
1182,26848
1183,40224
1184,49888
1185,52288
1186,46864
1187,35040
1188,21104
1189,960
1190,1136
1191,8608
1192,21728
1193,36224
1194,47248
1195,52336
1196,49600
1197,39680
1198,26208
1199,12192
1200,2816
1201,128
1202,16768
1203,31312
1204,43808
1205,51456
1206,51280
1207,43808
1208,30688
1209,16768
1210,5168
1211,128
1212,2816
1213,12736
1214,40224
1215,49600
1216,52288
1217,46864
1218,35648
1219,21104
1220,8608
1221,960
1222,1136
1223,8608
1224,21728
1225,35648
1226,47248
1227,49600
1228,39680
1229,26208
1230,12192
1231,2528
1232,128
1233,5552
1234,16768
1235,31312
1236,44272
1237,51456
1238,51280
1239,30688
1240,16192
1241,5168
1242,80
1243,3104
1244,12736
1245,26848
1246,40224
1247,49888
1248,52224
1249,46864
1250,35040
1251,20464
1252,784
1253,1328
1254,9088
1255,22368
1256,36224
1257,47632
1258,52384
1259,49312
1260,39120
1261,24928
1262,11648
1263,2256
1264,5952
1265,17984
1266,32576
1267,44736
1268,51776
1269,50880
1270,42832
1271,29424
1272,15008
1273,4416
1274,16
1275,3728
1276,13856
1277,41808
1278,50416
1279,52032
1280,45632
1281,33808
1282,19216
1283,6784
1284,512
1285,1760
1286,10608
1287,23632
1288,37984
1289,52416
1290,48336
1291,37408
1292,23632
1293,10096
1294,1536
1295,512
1296,7232
1297,19840
1298,33808
1299,46048
1300,52128
1301,50160
1302,27488
1303,13296
1304,3408
1305,32
1306,4784
1307,15584
1308,30048
1309,43328
1310,51280
1311,51632
1312,44272
1313,31312
1314,5552
1315,128
1316,2528
1317,12192
1318,26208
1319,40224
1320,49600
1321,52288
1322,46864
1323,35648
1324,21104
1325,8144
1326,784
1327,9088
1328,22368
1329,36832
1330,47632
1331,52384
1332,49008
1333,39120
1334,24928
1335,11120
1336,2000
1337,288
1338,6368
1339,33200
1340,45184
1341,51904
1342,50656
1343,41808
1344,28784
1345,14432
1346,3728
1347,16
1348,4080
1349,15008
1350,29424
1351,42832
1352,51776
1353,44736
1354,31952
1355,17984
1356,5952
1357,192
1358,2528
1359,11648
1360,25568
1361,39680
1362,49600
1363,52288
1364,35648
1365,21104
1366,8144
1367,960
1368,1136
1369,9088
1370,22368
1371,36832
1372,47632
1373,52384
1374,49008
1375,38560
1376,24928
1377,2000
1378,384
1379,6784
1380,18608
1381,33200
1382,45632
1383,52032
1384,50416
1385,41808
1386,28144
1387,13856
1388,3408
1389,4416
1390,15584
1391,30048
1392,43328
1393,51280
1394,51632
1395,44272
1396,31312
1397,16768
1398,5168
1399,128
1400,2816
1401,12736
1402,40768
1403,49888
1404,52224
1405,46464
1406,34432
1407,19840
1408,7232
1409,640
1410,1536
1411,10096
1412,23632
1413,37984
1414,52416
1415,48336
1416,37408
1417,22992
1418,9584
1419,1328
1420,640
1421,7680
1422,20464
1423,35040
1424,46864
1425,52288
1426,49888
1427,26208
1428,12192
1429,2528
1430,192
1431,5952
1432,17376
1433,31952
1434,44736
1435,51776
1436,50880
1437,42320
1438,28784
1439,4080
1440,0
1441,4080
1442,15008
1443,29424
1444,42832
1445,50880
1446,51776
1447,44736
1448,31952
1449,17376
1450,5552
1451,128
1452,12192
1453,26208
1454,40224
1455,49888
1456,52224
1457,46464
1458,34432
1459,19840
1460,7680
1461,640
1462,1536
1463,10096
1464,37984
1465,48688
1466,52400
1467,48000
1468,36832
1469,22992
1470,9584
1471,1328
1472,784
1473,8144
1474,21104
1475,35648
1476,47248
1477,49312
1478,39680
1479,25568
1480,11648
1481,2256
1482,288
1483,6368
1484,18608
1485,33200
1486,45632
1487,52032
1488,50416
1489,28144
1490,13856
1491,3408
1492,32
1493,4784
1494,16192
1495,30688
1496,43808
1497,51456
1498,51280
1499,43328
1500,30048
1501,15584
1502,32
1503,3408
1504,13856
1505,28144
1506,41808
1507,50656
1508,51904
1509,45184
1510,32576
1511,17984
1512,5952
1513,192
1514,12192
1515,26208
1516,40224
1517,49888
1518,52224
1519,46464
1520,34432
1521,20464
1522,7680
1523,640
1524,1536
1525,10096
1526,23632
1527,48688
1528,52400
1529,48000
1530,36832
1531,22368
1532,9088
1533,1136
1534,960
1535,8608
1536,21728
1537,36224
1538,47632
1539,49008
1540,38560
1541,24272
1542,10608
1543,1760
1544,512
1545,7232
1546,19840
1547,34432
1548,46464
1549,52224
1550,49888
1551,40224
1552,12192
1553,2528
1554,192
1555,5952
1556,17984
1557,32576
1558,45184
1559,51904
1560,50656
1561,41808
1562,28144
1563,13856
1564,32
1565,4784
1566,16192
1567,30688
1568,43808
1569,51456
1570,51280
1571,43328
1572,30048
1573,15584
1574,4416
1575,16
1576,3728
1577,28784
1578,42320
1579,50880
1580,51776
1581,44736
1582,31952
1583,17376
1584,5552
1585,128
1586,2816
1587,13296
1588,27488
1589,50416
1590,52032
1591,45632
1592,33200
1593,18608
1594,6368
1595,288
1596,2256
1597,11648
1598,25568
1599,39680
1600,49600
1601,52288
1602,35040
1603,20464
1604,7680
1605,512
1606,1760
1607,10608
1608,24272
1609,38560
1610,49008
1611,52384
1612,47632
1613,36224
1614,8608
1615,960
1616,1136
1617,9088
1618,22992
1619,37408
1620,48336
1621,52416
1622,48336
1623,37408
1624,22992
1625,9584
1626,1328
1627,8144
1628,21104
1629,36224
1630,47632
1631,52384
1632,49008
1633,38560
1634,24272
1635,10608
1636,1760
1637,512
1638,7232
1639,35040
1640,46864
1641,52288
1642,49600
1643,39680
1644,25568
1645,11648
1646,2256
1647,384
1648,6784
1649,19216
1650,33808
1651,46048
1652,50160
1653,40768
1654,26848
1655,12192
1656,2528
1657,192
1658,5952
1659,17984
1660,32576
1661,45184
1662,51904
1663,50416
1664,27488
1665,13296
1666,3104
1667,80
1668,5168
1669,17376
1670,31952
1671,44736
1672,51776
1673,50880
1674,42320
1675,28784
1676,13856
1677,32
1678,4784
1679,16192
1680,30688
1681,43808
1682,51632
1683,51088
1684,42832
1685,29424
1686,15008
1687,4080
1688,16
1689,15584
1690,30048
1691,43328
1692,51280
1693,51280
1694,43328
1695,30048
1696,15584
1697,4416
1698,16
1699,4080
1700,15008
1701,29424
1702,51088
1703,51456
1704,43808
1705,30688
1706,16192
1707,4784
1708,32
1709,3728
1710,14432
1711,28784
1712,42320
1713,50880
1714,44272
1715,31312
1716,16768
1717,5168
1718,32
1719,3408
1720,13856
1721,28144
1722,41808
1723,50880
1724,51776
1725,44736
1726,31952
1727,5168
1728,80
1729,3104
1730,13296
1731,27488
1732,41808
1733,50656
1734,51904
1735,45184
1736,31952
1737,17376
1738,5552
1739,2816
1740,13296
1741,27488
1742,41296
1743,50416
1744,51904
1745,45184
1746,32576
1747,17984
1748,5552
1749,128
1750,2816
1751,12736
1752,41296
1753,50416
1754,52032
1755,45632
1756,32576
1757,17984
1758,5952
1759,192
1760,2816
1761,12736
1762,26848
1763,40768
1764,52032
1765,45632
1766,33200
1767,17984
1768,5952
1769,192
1770,2528
1771,12736
1772,26848
1773,40768
1774,50416
1775,52032
1776,45632
1777,17984
1778,5952
1779,192
1780,2528
1781,12736
1782,26848
1783,40768
1784,50416
1785,52032
1786,45632
1787,33200
1788,17984
1789,192
1790,2816
1791,12736
1792,26848
1793,40768
1794,50416
1795,52032
1796,45632
1797,32576
1798,17984
1799,5952
1800,192
1801,2816
1802,26848
1803,41296
1804,50416
1805,52032
1806,45184
1807,32576
1808,17984
1809,5952
1810,128
1811,2816
1812,12736
1813,27488
1814,50416
1815,51904
1816,45184
1817,32576
1818,17376
1819,5552
1820,128
1821,3104
1822,13296
1823,27488
1824,41808
1825,50656
1826,51904
1827,31952
1828,17376
1829,5168
1830,80
1831,3104
1832,13856
1833,28144
1834,41808
1835,50880
1836,51776
1837,44736
1838,31312
1839,5168
1840,32
1841,3408
1842,13856
1843,28784
1844,42320
1845,50880
1846,51632
1847,44272
1848,31312
1849,16192
1850,4784
1851,16
1852,14432
1853,29424
1854,42832
1855,51088
1856,51456
1857,43808
1858,30688
1859,15584
1860,4416
1861,0
1862,4080
1863,15008
1864,43328
1865,51280
1866,51280
1867,43328
1868,29424
1869,15008
1870,4080
1871,16
1872,4416
1873,15584
1874,30688
1875,43808
1876,51632
1877,42832
1878,28784
1879,14432
1880,3408
1881,32
1882,4784
1883,16768
1884,31312
1885,44736
1886,51776
1887,50880
1888,41808
1889,13296
1890,3104
1891,80
1892,5552
1893,17376
1894,32576
1895,45184
1896,51904
1897,50416
1898,41296
1899,26848
1900,12736
1901,2528
1902,5952
1903,18608
1904,33200
1905,46048
1906,52128
1907,49888
1908,40224
1909,26208
1910,11648
1911,2256
1912,384
1913,6784
1914,34432
1915,46464
1916,52288
1917,49600
1918,39120
1919,24928
1920,10608
1921,1760
1922,640
1923,7680
1924,20464
1925,35648
1926,47248
1927,49008
1928,37984
1929,23632
1930,9584
1931,1328
1932,960
1933,8608
1934,21728
1935,36832
1936,48000
1937,52416
1938,48336
1939,22368
1940,8608
1941,960
1942,1328
1943,9584
1944,23632
1945,37984
1946,49008
1947,52384
1948,47632
1949,35648
1950,21104
1951,7680
1952,1760
1953,10608
1954,24928
1955,39120
1956,49600
1957,52288
1958,46464
1959,34432
1960,19216
1961,6784
1962,288
1963,2256
1964,26208
1965,40768
1966,50160
1967,52032
1968,45632
1969,32576
1970,17984
1971,5552
1972,128
1973,3104
1974,13296
1975,28144
1976,41808
1977,51776
1978,44272
1979,31312
1980,16192
1981,4784
1982,16
1983,3728
1984,15008
1985,29424
1986,43328
1987,51456
1988,51280
1989,29424
1990,14432
1991,3728
1992,32
1993,4784
1994,16768
1995,31312
1996,44736
1997,51776
1998,50656
1999,41808
2000,27488
2001,13296
2002,192
2003,5952
2004,18608
2005,33200
2006,46048
2007,52128
2008,49888
2009,40224
2010,25568
2011,11120
2012,2000
2013,512
2014,20464
2015,35040
2016,47248
2017,52336
2018,49008
2019,37984
2020,23632
2021,9584
2022,1328
2023,960
2024,8608
2025,22368
2026,37408
2027,52400
2028,48000
2029,36224
2030,21728
2031,8144
2032,640
2033,1536
2034,10608
2035,24272
2036,39120
2037,49312
2038,52288
2039,34432
2040,19216
2041,6784
2042,288
2043,2528
2044,12192
2045,26848
2046,40768
2047,50416
2048,51904
2049,45184
2050,31952
2051,17376
2052,32
2053,3408
2054,14432
2055,28784
2056,42832
2057,51280
2058,51456
2059,43328
2060,30048
2061,15008
2062,3728
2063,16
2064,16192
2065,31312
2066,44736
2067,51776
2068,50656
2069,41296
2070,27488
2071,12736
2072,2816
2073,192
2074,6368
2075,18608
2076,33808
2077,52224
2078,49600
2079,39120
2080,24928
2081,10608
2082,1760
2083,640
2084,8144
2085,21104
2086,36224
2087,48000
2088,52400
2089,36832
2090,22368
2091,8608
2092,784
2093,1328
2094,10096
2095,24272
2096,38560
2097,49312
2098,52336
2099,46864
2100,34432
2101,19840
2102,288
2103,2256
2104,12192
2105,26848
2106,40768
2107,50416
2108,51904
2109,45184
2110,31952
2111,16768
2112,5168
2113,32
2114,15008
2115,29424
2116,43328
2117,51456
2118,51280
2119,42832
2120,28784
2121,14432
2122,3408
2123,80
2124,5168
2125,17376
2126,32576
2127,52032
2128,50160
2129,40224
2130,26208
2131,11648
2132,2000
2133,384
2134,7232
2135,20464
2136,35040
2137,47248
2138,52384
2139,37984
2140,22992
2141,9088
2142,1136
2143,1136
2144,9584
2145,23632
2146,37984
2147,49008
2148,52336
2149,47248
2150,35040
2151,19840
2152,384
2153,2256
2154,12192
2155,26208
2156,40768
2157,50416
2158,51904
2159,45184
2160,31952
2161,16768
2162,4784
2163,32
2164,15008
2165,30048
2166,43328
2167,51456
2168,51088
2169,42320
2170,28784
2171,13856
2172,3104
2173,128
2174,5552
2175,17984
2176,33200
2177,52128
2178,49888
2179,39680
2180,24928
2181,11120
2182,1760
2183,640
2184,8144
2185,21104
2186,36224
2187,48000
2188,52416
2189,36832
2190,21728
2191,8144
2192,640
2193,1536
2194,10608
2195,24928
2196,39680
2197,49600
2198,52224
2199,46048
2200,33200
2201,17984
2202,128
2203,3104
2204,13856
2205,28144
2206,42320
2207,51088
2208,51456
2209,43328
2210,30048
2211,15008
2212,3728
2213,32
2214,16768
2215,31952
2216,45184
2217,52032
2218,50160
2219,40768
2220,26208
2221,11648
2222,2000
2223,512
2224,7232
2225,20464
2226,35648
2227,52400
2228,48336
2229,37408
2230,22368
2231,8608
2232,784
2233,1536
2234,10096
2235,24272
2236,39120
2237,49600
2238,52224
2239,33808
2240,18608
2241,5952
2242,128
2243,3104
2244,13856
2245,28144
2246,42320
2247,51088
2248,51456
2249,43328
2250,29424
2251,15008
2252,32
2253,5168
2254,17376
2255,32576
2256,45632
2257,52032
2258,50160
2259,40224
2260,25568
2261,11120
2262,1760
2263,512
2264,21104
2265,36224
2266,48000
2267,52416
2268,48000
2269,36224
2270,21728
2271,8144
2272,640
2273,1760
2274,11120
2275,25568
2276,40224
2277,52128
2278,45632
2279,32576
2280,17376
2281,5168
2282,32
2283,3728
2284,15008
2285,29424
2286,43328
2287,51456
2288,51088
2289,28144
2290,13296
2291,2816
2292,192
2293,5952
2294,18608
2295,33808
2296,46464
2297,52288
2298,49312
2299,38560
2300,23632
2301,9584
2302,960
2303,9088
2304,22992
2305,37984
2306,49008
2307,52336
2308,46864
2309,34432
2310,19216
2311,6368
2312,192
2313,2528
2314,27488
2315,41808
2316,50880
2317,51632
2318,43808
2319,30048
2320,15008
2321,3728
2322,32
2323,5168
2324,17376
2325,31952
2326,45184
2327,50160
2328,40224
2329,25568
2330,11120
2331,1760
2332,640
2333,8144
2334,21728
2335,36832
2336,48336
2337,52400
2338,47632
2339,20464
2340,7232
2341,512
2342,2000
2343,11648
2344,26208
2345,40768
2346,50416
2347,51904
2348,44736
2349,31312
2350,16192
2351,4416
2352,4416
2353,16192
2354,31312
2355,44736
2356,51904
2357,50416
2358,40768
2359,26208
2360,11648
2361,2000
2362,512
2363,7680
2364,36224
2365,48000
2366,52416
2367,48000
2368,36224
2369,21104
2370,7680
2371,512
2372,2000
2373,11648
2374,26208
2375,40768
2376,50416
2377,44736
2378,31312
2379,16192
2380,4416
2381,0
2382,4416
2383,16192
2384,31312
2385,44736
2386,51904
2387,50416
2388,40768
2389,11648
2390,2000
2391,512
2392,7680
2393,21104
2394,36224
2395,48000
2396,52416
2397,48000
2398,36224
2399,21104
2400,7680
2401,512
2402,11648
2403,26208
2404,40768
2405,50416
2406,51904
2407,44736
2408,31312
2409,16192
2410,4416
2411,0
2412,4416
2413,16192
2414,44736
2415,51904
2416,50416
2417,40768
2418,26208
2419,11120
2420,1760
2421,640
2422,8144
2423,21728
2424,36832
2425,48336
2426,52400
2427,35648
2428,20464
2429,7232
2430,384
2431,2256
2432,12192
2433,26848
2434,41296
2435,50656
2436,51632
2437,43808
2438,30048
2439,3728
2440,32
2441,5168
2442,17376
2443,32576
2444,45632
2445,52128
2446,49888
2447,39680
2448,24272
2449,10096
2450,1328
2451,960
2452,22992
2453,37984
2454,49008
2455,52336
2456,46864
2457,34432
2458,19216
2459,5952
2460,128
2461,3104
2462,13856
2463,28784
2464,51280
2465,51280
2466,42832
2467,28784
2468,13296
2469,2816
2470,192
2471,6368
2472,19216
2473,34432
2474,46864
2475,52336
2476,49008
2477,22368
2478,8608
2479,784
2480,1536
2481,10608
2482,24928
2483,39680
2484,50160
2485,52032
2486,45184
2487,31952
2488,16768
2489,16
2490,4080
2491,16192
2492,31312
2493,44736
2494,51904
2495,50416
2496,40768
2497,26208
2498,11120
2499,1760
2500,640
2501,8144
2502,36832
2503,48336
2504,52384
2505,47248
2506,35040
2507,19840
2508,6784
2509,288
2510,2816
2511,13296
2512,28144
2513,42320
2514,51456
2515,43328
2516,28784
2517,13856
2518,3104
2519,128
2520,5952
2521,18608
2522,34432
2523,46864
2524,52336
2525,49008
2526,37984
2527,8608
2528,784
2529,1536
2530,10608
2531,24928
2532,40224
2533,50160
2534,52032
2535,45184
2536,31952
2537,16192
2538,4416
2539,4416
2540,16192
2541,31952
2542,45184
2543,52032
2544,50160
2545,40224
2546,24928
2547,10608
2548,1536
2549,784
2550,8608
2551,22992
2552,49008
2553,52336
2554,46864
2555,33808
2556,18608
2557,5952
2558,128
2559,3104
2560,14432
2561,29424
2562,43328
2563,51456
2564,41808
2565,27488
2566,12736
2567,2528
2568,384
2569,7232
2570,20464
2571,35648
2572,48000
2573,52416
2574,48000
2575,36224
2576,20464
2577,384
2578,2256
2579,12192
2580,27488
2581,41808
2582,50880
2583,51632
2584,43328
2585,29424
2586,14432
2587,3408
2588,128
2589,18608
2590,33808
2591,46864
2592,52336
2593,49008
2594,37984
2595,22368
2596,8608
2597,784
2598,1760
2599,11120
2600,25568
2601,40224
2602,51904
2603,44736
2604,31312
2605,15584
2606,4080
2607,16
2608,4784
2609,17376
2610,32576
2611,45632
2612,52224
2613,49600
2614,24272
2615,9584
2616,1136
2617,1136
2618,10096
2619,24272
2620,39120
2621,49600
2622,52128
2623,45632
2624,32576
2625,16768
2626,4784
2627,4416
2628,16192
2629,31312
2630,44736
2631,52032
2632,50160
2633,40224
2634,24928
2635,10608
2636,1536
2637,960
2638,9088
2639,38560
2640,49312
2641,52288
2642,46464
2643,33200
2644,17984
2645,5552
2646,32
2647,3728
2648,15008
2649,30688
2650,44272
2651,51776
2652,40768
2653,26208
2654,11120
2655,1760
2656,640
2657,8608
2658,22368
2659,37408
2660,49008
2661,52336
2662,46864
2663,33808
2664,5952
2665,80
2666,3408
2667,14432
2668,30048
2669,43808
2670,51632
2671,50656
2672,41296
2673,26208
2674,11648
2675,2000
2676,640
2677,21728
2678,37408
2679,48688
2680,52384
2681,46864
2682,34432
2683,18608
2684,5952
2685,128
2686,3408
2687,14432
2688,29424
2689,51632
2690,50880
2691,41296
2692,26848
2693,11648
2694,2000
2695,512
2696,8144
2697,21728
2698,37408
2699,48688
2700,52384
2701,46864
2702,19216
2703,5952
2704,128
2705,3408
2706,14432
2707,29424
2708,43808
2709,51632
2710,50656
2711,41296
2712,26848
2713,11648
2714,640
2715,8144
2716,21728
2717,37408
2718,48688
2719,52336
2720,46864
2721,34432
2722,18608
2723,5952
2724,80
2725,3408
2726,15008
2727,43808
2728,51776
2729,50656
2730,40768
2731,26208
2732,11120
2733,1760
2734,640
2735,8608
2736,22368
2737,37984
2738,49008
2739,46464
2740,33808
2741,17984
2742,5552
2743,32
2744,3728
2745,15584
2746,30688
2747,44272
2748,51904
2749,50416
2750,40224
2751,25568
2752,1536
2753,960
2754,9088
2755,23632
2756,38560
2757,49312
2758,52224
2759,46048
2760,32576
2761,17376
2762,4784
2763,16
2764,16192
2765,31952
2766,45184
2767,52128
2768,49888
2769,39680
2770,24272
2771,10096
2772,1136
2773,1136
2774,10096
2775,24272
2776,39680
2777,52032
2778,45184
2779,31312
2780,16192
2781,4080
2782,16
2783,5168
2784,17376
2785,33200
2786,46048
2787,52288
2788,49312
2789,22992
2790,8608
2791,784
2792,1760
2793,11120
2794,26208
2795,40768
2796,50656
2797,51776
2798,43808
2799,30048
2800,14432
2801,3408
2802,5952
2803,19216
2804,34432
2805,47248
2806,52384
2807,48336
2808,36832
2809,21104
2810,7680
2811,384
2812,2256
2813,12736
2814,42320
2815,51088
2816,51280
2817,42832
2818,28144
2819,12736
2820,2528
2821,384
2822,7232
2823,21104
2824,36224
2825,48336
2826,52400
2827,35040
2828,19216
2829,6368
2830,128
2831,3408
2832,14432
2833,30048
2834,43808
2835,51776
2836,50656
2837,40768
2838,26208
2839,1760
2840,784
2841,9088
2842,22992
2843,38560
2844,49312
2845,52224
2846,46048
2847,32576
2848,16768
2849,4784
2850,0
2851,4416
2852,31952
2853,45632
2854,52224
2855,49600
2856,38560
2857,23632
2858,9088
2859,960
2860,1536
2861,11120
2862,25568
2863,40768
2864,51776
2865,44272
2866,30048
2867,14432
2868,3408
2869,128
2870,5952
2871,19216
2872,35040
2873,47248
2874,52400
2875,48336
2876,36224
2877,7232
2878,288
2879,2528
2880,13296
2881,28784
2882,42832
2883,51456
2884,51088
2885,41808
2886,26848
2887,12192
2888,2000
2889,8144
2890,22368
2891,37408
2892,49008
2893,52288
2894,46464
2895,33200
2896,17984
2897,5168
2898,16
2899,4080
2900,16192
2901,31952
2902,52128
2903,49600
2904,39120
2905,23632
2906,9584
2907,960
2908,1536
2909,10608
2910,25568
2911,40768
2912,50416
2913,51776
2914,30048
2915,14432
2916,3408
2917,128
2918,6368
2919,19216
2920,35040
2921,47632
2922,52400
2923,48000
2924,35648
2925,20464
2926,6784
2927,2816
2928,13856
2929,29424
2930,43328
2931,51632
2932,50656
2933,41296
2934,26208
2935,11120
2936,1760
2937,784
2938,9088
2939,38560
2940,49600
2941,52224
2942,45632
2943,31952
2944,16768
2945,4416
2946,16
2947,5168
2948,17376
2949,33200
2950,46464
2951,52288
2952,37408
2953,22368
2954,8144
2955,512
2956,2000
2957,12192
2958,27488
2959,42320
2960,51088
2961,51280
2962,42320
2963,28144
2964,2256
2965,384
2966,7680
2967,21728
2968,37408
2969,48688
2970,52336
2971,46464
2972,33808
2973,17984
2974,5168
2975,16
2976,4080
2977,31952
2978,45184
2979,52128
2980,49600
2981,38560
2982,23632
2983,9088
2984,784
2985,1760
2986,11120
2987,26208
2988,41296
2989,51632
2990,43328
2991,28784
2992,13856
2993,2816
2994,288
2995,7232
2996,20464
2997,36224
2998,48336
2999,52384
3000,47248
3001,34432
3002,5552
3003,80
3004,3728
3005,15584
3006,31312
3007,44736
3008,52032
3009,49888
3010,39120
3011,24272
3012,9584
3013,960
3014,11120
3015,25568
3016,40768
3017,50656
3018,51632
3019,43808
3020,29424
3021,13856
3022,2816
3023,288
3024,6784
3025,20464
3026,36224
3027,52400
3028,47248
3029,34432
3030,18608
3031,5552
3032,80
3033,3728
3034,15584
3035,31312
3036,45184
3037,52032
3038,49888
3039,23632
3040,9584
3041,960
3042,1536
3043,11120
3044,26208
3045,41296
3046,50656
3047,51632
3048,43328
3049,28784
3050,13296
3051,2816
3052,7232
3053,21104
3054,36832
3055,48336
3056,52384
3057,46864
3058,33808
3059,17984
3060,5168
3061,32
3062,4080
3063,16192
3064,45632
3065,52128
3066,49600
3067,38560
3068,22992
3069,8608
3070,640
3071,1760
3072,11648
3073,26848
3074,41808
3075,51088
3076,51280
3077,28144
3078,12736
3079,2256
3080,512
3081,8144
3082,22368
3083,37408
3084,49008
3085,52288
3086,46048
3087,32576
3088,16768
3089,0
3090,4784
3091,17376
3092,33200
3093,46464
3094,52336
3095,48688
3096,37408
3097,21728
3098,7680
3099,384
3100,2528
3101,13296
3102,43328
3103,51456
3104,50880
3105,41296
3106,26208
3107,11120
3108,1536
3109,960
3110,9584
3111,23632
3112,39120
3113,49888
3114,44736
3115,30688
3116,15008
3117,3408
3118,128
3119,5952
3120,19216
3121,35040
3122,47632
3123,52416
3124,47632
3125,35040
3126,19216
3127,80
3128,3408
3129,15008
3130,30688
3131,44736
3132,52032
3133,49888
3134,39120
3135,23632
3136,9088
3137,784
3138,1760
3139,26208
3140,41296
3141,50880
3142,51456
3143,42832
3144,28144
3145,12736
3146,2256
3147,512
3148,8144
3149,22368
3150,37984
3151,49312
3152,46048
3153,32576
3154,16768
3155,4416
3156,16
3157,5168
3158,17984
3159,33808
3160,46864
3161,52384
3162,48336
3163,36224
3164,6784
3165,192
3166,3104
3167,13856
3168,29424
3169,43808
3170,51776
3171,50416
3172,40224
3173,24928
3174,10096
3175,1136
3176,1328
3177,25568
3178,40768
3179,50656
3180,51632
3181,43328
3182,28784
3183,13296
3184,2528
3185,384
3186,7680
3187,21728
3188,37408
3189,52288
3190,46048
3191,32576
3192,16768
3193,4416
3194,16
3195,5168
3196,17984
3197,33808
3198,46864
3199,52384
3200,48688
3201,36832
3202,7232
3203,288
3204,2816
3205,13856
3206,29424
3207,43808
3208,51776
3209,50416
3210,40224
3211,24928
3212,10096
3213,1136
3214,11120
3215,26208
3216,41296
3217,50880
3218,51456
3219,42832
3220,28144
3221,12736
3222,2256
3223,512
3224,8144
3225,22368
3226,37984
3227,52224
3228,45632
3229,31952
3230,16192
3231,4080
3232,32
3233,5552
3234,18608
3235,34432
3236,47248
3237,52400
3238,48000
3239,19840
3240,6368
3241,128
3242,3408
3243,15008
3244,30688
3245,44736
3246,52032
3247,49600
3248,38560
3249,22992
3250,8608
3251,640
3252,12192
3253,27488
3254,42320
3255,51280
3256,51088
3257,41808
3258,26848
3259,11648
3260,1760
3261,784
3262,9088
3263,24272
3264,50160
3265,51904
3266,44272
3267,30048
3268,14432
3269,3104
3270,192
3271,6784
3272,20464
3273,36224
3274,48336
3275,52384
3276,46464
3277,17376
3278,4784
3279,0
3280,4784
3281,17376
3282,33200
3283,46464
3284,52336
3285,48688
3286,36224
3287,20464
3288,6784
3289,3104
3290,14432
3291,30048
3292,44272
3293,51904
3294,50160
3295,39120
3296,23632
3297,9088
3298,784
3299,1760
3300,11648
3301,26848
3302,51088
3303,51088
3304,41808
3305,26848
3306,11648
3307,1760
3308,784
3309,9088
3310,23632
3311,39680
3312,50160
3313,51904
3314,30048
3315,14432
3316,3104
3317,192
3318,7232
3319,21104
3320,36832
3321,48688
3322,52336
3323,46464
3324,33200
3325,16768
3326,4416
3327,5168
3328,17984
3329,33808
3330,46864
3331,52400
3332,48000
3333,35648
3334,19840
3335,6368
3336,128
3337,3728
3338,15584
3339,45184
3340,52128
3341,49600
3342,38560
3343,22368
3344,8144
3345,512
3346,2256
3347,12736
3348,28784
3349,43328
3350,51632
3351,50656
3352,25568
3353,10096
3354,1136
3355,1328
3356,10608
3357,25568
3358,40768
3359,50880
3360,51456
3361,42832
3362,28144
3363,12736
3364,640
3365,8608
3366,22992
3367,38560
3368,49888
3369,52032
3370,44736
3371,30688
3372,15008
3373,3104
3374,192
3375,6784
3376,20464
3377,48688
3378,52336
3379,46464
3380,33200
3381,17376
3382,4416
3383,16
3384,5168
3385,17984
3386,33808
3387,47248
3388,52400
3389,35648
3390,19216
3391,5952
3392,80
3393,3728
3394,15584
3395,31952
3396,45632
3397,52224
3398,49312
3399,37408
3400,21728
3401,7680
3402,2816
3403,13856
3404,29424
3405,43808
3406,51776
3407,50160
3408,39680
3409,24272
3410,9584
3411,784
3412,1760
3413,11648
3414,42320
3415,51280
3416,51088
3417,41808
3418,26208
3419,11120
3420,1536
3421,1136
3422,10096
3423,24928
3424,40224
3425,50656
3426,51632
3427,28784
3428,12736
3429,2256
3430,512
3431,8144
3432,22992
3433,38560
3434,49600
3435,52032
3436,44736
3437,30688
3438,15008
3439,192
3440,6784
3441,20464
3442,36832
3443,48688
3444,52336
3445,46048
3446,32576
3447,16768
3448,4416
3449,32
3450,5552
3451,18608
3452,47632
3453,52416
3454,47248
3455,34432
3456,18608
3457,5552
3458,16
3459,4416
3460,16768
3461,33200
3462,46464
3463,52336
3464,36224
3465,20464
3466,6368
3467,128
3468,3408
3469,15584
3470,31312
3471,45184
3472,52128
3473,49312
3474,37984
3475,22368
3476,7680
3477,2528
3478,13856
3479,29424
3480,43808
3481,51904
3482,50160
3483,39680
3484,23632
3485,9088
3486,784
3487,2000
3488,12192
3489,42832
3490,51456
3491,50880
3492,40768
3493,25568
3494,10608
3495,1136
3496,1328
3497,11120
3498,26208
3499,41296
3500,51088
3501,51280
3502,26848
3503,11648
3504,1760
3505,960
3506,9584
3507,24272
3508,40224
3509,50416
3510,51632
3511,43328
3512,28784
3513,12736
3514,512
3515,8608
3516,22992
3517,39120
3518,49888
3519,52032
3520,44272
3521,30048
3522,14432
3523,2816
3524,288
3525,7680
3526,21728
3527,49312
3528,52224
3529,45184
3530,31312
3531,15584
3532,3408
3533,128
3534,6368
3535,20464
3536,36224
3537,48688
3538,52336
3539,32576
3540,16768
3541,4080
3542,32
3543,5952
3544,19216
3545,35040
3546,48000
3547,52400
3548,46864
3549,33808
3550,17984
3551,4784
3552,5168
3553,17984
3554,33808
3555,47248
3556,52400
3557,47632
3558,35040
3559,18608
3560,5552
3561,32
3562,4416
3563,16768
3564,46464
3565,52384
3566,48336
3567,36224
3568,19840
3569,6368
3570,80
3571,3728
3572,16192
3573,31952
3574,46048
3575,52288
3576,49008
3577,21104
3578,6784
3579,192
3580,3408
3581,15008
3582,31312
3583,45184
3584,52224
3585,49312
3586,37984
3587,21728
3588,7680
3589,2816
3590,14432
3591,30048
3592,44736
3593,52032
3594,49600
3595,38560
3596,22368
3597,8144
3598,512
3599,2528
3600,13296
3601,29424
3602,51904
3603,50160
3604,39120
3605,23632
3606,8608
3607,640
3608,2256
3609,12736
3610,28784
3611,43328
3612,51776
3613,50416
3614,24272
3615,9088
3616,784
3617,2000
3618,12192
3619,28144
3620,42832
3621,51632
3622,50656
3623,40224
3624,24928
3625,9584
3626,960
3627,11648
3628,27488
3629,42320
3630,51456
3631,50880
3632,40768
3633,25568
3634,10096
3635,1136
3636,1536
3637,11120
3638,26848
3639,51280
3640,51088
3641,41296
3642,26208
3643,10608
3644,1136
3645,1328
3646,11120
3647,26208
3648,41808
3649,51088
3650,51088
3651,41808
3652,11120
3653,1328
3654,1136
3655,10608
3656,26208
3657,41296
3658,51088
3659,51280
3660,41808
3661,26848
3662,11120
3663,1536
3664,10096
3665,25568
3666,41296
3667,50880
3668,51280
3669,42320
3670,26848
3671,11648
3672,1536
3673,1136
3674,10096
3675,25568
3676,40768
3677,51456
3678,42320
3679,27488
3680,11648
3681,1536
3682,960
3683,10096
3684,24928
3685,40768
3686,50880
3687,51456
3688,42320
3689,11648
3690,1760
3691,960
3692,10096
3693,24928
3694,40768
3695,50656
3696,51456
3697,42320
3698,27488
3699,11648
3700,1760
3701,960
3702,24928
3703,40768
3704,50656
3705,51456
3706,42320
3707,27488
3708,11648
3709,1760
3710,960
3711,10096
3712,24928
3713,40768
3714,51456
3715,42320
3716,27488
3717,11648
3718,1760
3719,960
3720,10096
3721,24928
3722,40768
3723,50880
3724,51456
3725,42320
3726,27488
3727,1536
3728,960
3729,10096
3730,25568
3731,40768
3732,50880
3733,51280
3734,42320
3735,26848
3736,11648
3737,1536
3738,1136
3739,25568
3740,41296
3741,50880
3742,51280
3743,41808
3744,26848
3745,11120
3746,1328
3747,1136
3748,10608
3749,26208
3750,41296
3751,51088
3752,41808
3753,26208
3754,11120
3755,1328
3756,1328
3757,10608
3758,26208
3759,41808
3760,51088
3761,51088
3762,41296
3763,26208
3764,1136
3765,1536
3766,11120
3767,26848
3768,42320
3769,51280
3770,50880
3771,40768
3772,25568
3773,10096
3774,960
3775,1536
3776,11648
3777,42320
3778,51456
3779,50656
3780,40768
3781,24928
3782,9584
3783,784
3784,1760
3785,12192
3786,28144
3787,42832
3788,51632
3789,40224
3790,24272
3791,9088
3792,640
3793,2000
3794,12736
3795,28784
3796,43328
3797,51776
3798,50160
3799,39120
3800,23632
3801,8608
3802,2256
3803,13296
3804,29424
3805,44272
3806,51904
3807,49888
3808,38560
3809,22368
3810,8144
3811,384
3812,2816
3813,13856
3814,44736
3815,52128
3816,49600
3817,37984
3818,21728
3819,7232
3820,288
3821,3104
3822,15008
3823,31312
3824,45184
3825,52224
3826,49008
3827,21104
3828,6784
3829,128
3830,3728
3831,15584
3832,31952
3833,46048
3834,52336
3835,48688
3836,36224
3837,19840
3838,5952
3839,4080
3840,16768
3841,33200
3842,46464
3843,52384
3844,48000
3845,35040
3846,18608
3847,5552
3848,16
3849,4784
3850,17984
3851,33808
3852,52416
3853,47248
3854,33808
3855,17984
3856,4784
3857,16
3858,5552
3859,19216
3860,35040
3861,48000
3862,52384
3863,46464
3864,16768
3865,4080
3866,80
3867,6368
3868,19840
3869,36224
3870,48688
3871,52288
3872,45632
3873,31952
3874,15584
3875,3408
3876,192
3877,21728
3878,37408
3879,49312
3880,52128
3881,44736
3882,30048
3883,14432
3884,2816
3885,384
3886,8144
3887,22992
3888,39120
3889,51904
3890,43808
3891,28784
3892,12736
3893,2256
3894,640
3895,9088
3896,24272
3897,40224
3898,50656
3899,51632
3900,42832
3901,27488
3902,1536
3903,1136
3904,10608
3905,25568
3906,41296
3907,51088
3908,51088
3909,41296
3910,25568
3911,10608
3912,1136
3913,1536
3914,27488
3915,42832
3916,51632
3917,50656
3918,40224
3919,24272
3920,9088
3921,640
3922,2256
3923,13296
3924,29424
3925,43808
3926,51904
3927,38560
3928,22368
3929,7680
3930,288
3931,2816
3932,14432
3933,30688
3934,45184
3935,52224
3936,49008
3937,36832
3938,20464
3939,128
3940,3728
3941,16192
3942,32576
3943,46464
3944,52384
3945,48000
3946,35040
3947,18608
3948,5552
3949,16
3950,4784
3951,17984
3952,47632
3953,52400
3954,46864
3955,33200
3956,16768
3957,4416
3958,32
3959,5952
3960,19840
3961,36224
3962,48688
3963,52288
3964,31312
3965,15008
3966,3104
3967,288
3968,7232
3969,21728
3970,37984
3971,49600
3972,52032
3973,44272
3974,29424
3975,13296
3976,2256
3977,9088
3978,24272
3979,40224
3980,50656
3981,51632
3982,42832
3983,27488
3984,11648
3985,1536
3986,1136
3987,10608
3988,26208
3989,51280
3990,50880
3991,40768
3992,24928
3993,9584
3994,784
3995,2000
3996,12736
3997,28784
3998,43328
3999,51776
4000,50160
4001,39120
4002,8144
4003,384
4004,2816
4005,14432
4006,30688
4007,45184
4008,52224
4009,49008
4010,36832
4011,20464
4012,6368
4013,80
4014,16768
4015,33200
4016,46864
4017,52400
4018,47632
4019,34432
4020,17984
4021,4784
4022,16
4023,5552
4024,19216
4025,35648
4026,48336
4027,46048
4028,31952
4029,15584
4030,3408
4031,192
4032,7232
4033,21728
4034,37984
4035,49600
4036,52032
4037,44272
4038,29424
4039,2256
4040,640
4041,9088
4042,24272
4043,40224
4044,50656
4045,51456
4046,42320
4047,26848
4048,11120
4049,1328
4050,1328
4051,11120
4052,42320
4053,51456
4054,50656
4055,40224
4056,24272
4057,9088
4058,640
4059,2256
4060,13296
4061,29424
4062,44272
4063,52032
4064,37984
4065,21728
4066,7232
4067,192
4068,3408
4069,16192
4070,32576
4071,46464
4072,52384
4073,48000
4074,35040
4075,18608
4076,5168
4077,5168
4078,18608
4079,35040
4080,48000
4081,52384
4082,46464
4083,32576
4084,16192
4085,3728
4086,128
4087,7232
4088,21728
4089,49600
4090,52032
4091,44272
4092,29424
4093,13296
4094,2256
4095,640
4096,9088
4097,24272
4098,40224
4099,50656
4100,51280
4101,41808
4102,10608
4103,1136
4104,1536
4105,11648
4106,27488
4107,42832
4108,51632
4109,50416
4110,39120
4111,22992
4112,8144
4113,384
4114,14432
4115,30688
4116,45184
4117,52224
4118,49008
4119,36224
4120,19840
4121,5952
4122,32
4123,4416
4124,17376
4125,33808
4126,47248
4127,47248
4128,33200
4129,16768
4130,4080
4131,80
4132,6368
4133,20464
4134,36832
4135,49008
4136,52128
4137,44736
4138,30048
4139,2528
4140,512
4141,8608
4142,23632
4143,40224
4144,50656
4145,51456
4146,42320
4147,26848
4148,11120
4149,1328
4150,1536
4151,11648
4152,42832
4153,51632
4154,50416
4155,39680
4156,22992
4157,8144
4158,384
4159,2816
4160,14432
4161,30688
4162,45184
4163,52288
4164,36224
4165,19840
4166,5952
4167,32
4168,4784
4169,17984
4170,34432
4171,47632
4172,52400
4173,46864
4174,32576
4175,16192
4176,3728
4177,6784
4178,21104
4179,37984
4180,49600
4181,52032
4182,44272
4183,29424
4184,12736
4185,2000
4186,784
4187,9584
4188,24928
4189,51088
4190,51088
4191,41296
4192,25568
4193,10096
4194,784
4195,2000
4196,12736
4197,28784
4198,43808
4199,52032
4200,49600
4201,37984
4202,7232
4203,128
4204,3728
4205,16192
4206,32576
4207,46464
4208,52400
4209,47632
4210,34432
4211,17984
4212,4416
4213,32
4214,19840
4215,36224
4216,49008
4217,52224
4218,45184
4219,30688
4220,14432
4221,2528
4222,512
4223,8608
4224,23632
4225,40224
4226,50656
4227,42320
4228,26208
4229,10608
4230,1136
4231,1536
4232,12192
4233,28144
4234,43328
4235,51776
4236,49888
4237,38560
4238,22368
4239,288
4240,3408
4241,15584
4242,31952
4243,46464
4244,52384
4245,48000
4246,35040
4247,17984
4248,4784
4249,16
4250,5552
4251,19840
4252,48688
4253,52288
4254,45184
4255,30688
4256,14432
4257,2816
4258,512
4259,8608
4260,23632
4261,40224
4262,50656
4263,51456
4264,26208
4265,10608
4266,1136
4267,1536
4268,12192
4269,28144
4270,43328
4271,51904
4272,49888
4273,38560
4274,22368
4275,7232
4276,192
4277,16192
4278,32576
4279,46464
4280,52400
4281,47632
4282,34432
4283,17984
4284,4416
4285,32
4286,5952
4287,20464
4288,36832
4289,52128
4290,44736
4291,30048
4292,13296
4293,2256
4294,640
4295,9088
4296,24928
4297,40768
4298,50880
4299,51088
4300,41296
4301,25568
4302,784
4303,2000
4304,13296
4305,29424
4306,44272
4307,52128
4308,49312
4309,37408
4310,20464
4311,6368
4312,80
4313,4416
4314,33808
4315,47632
4316,52400
4317,46864
4318,32576
4319,16192
4320,3728
4321,192
4322,7232
4323,21728
4324,38560
4325,49888
4326,51776
4327,28144
4328,11648
4329,1536
4330,1136
4331,11120
4332,26848
4333,42320
4334,51632
4335,50416
4336,39120
4337,22992
4338,8144
4339,3104
4340,15008
4341,31952
4342,46048
4343,52336
4344,48000
4345,35040
4346,17984
4347,4784
4348,16
4349,5952
4350,19840
4351,36832
4352,52224
4353,44736
4354,30048
4355,13856
4356,2256
4357,640
4358,9584
4359,24928
4360,40768
4361,51088
4362,51088
4363,40768
4364,9584
4365,640
4366,2256
4367,13856
4368,30048
4369,44736
4370,52224
4371,49008
4372,36224
4373,19840
4374,5952
4375,16
4376,4784
4377,35040
4378,48336
4379,52336
4380,46048
4381,31312
4382,15008
4383,2816
4384,384
4385,8144
4386,23632
4387,39680
4388,50656
4389,41808
4390,26208
4391,10608
4392,960
4393,1760
4394,12736
4395,28784
4396,44272
4397,52032
4398,49312
4399,37408
4400,21104
4401,6368
4402,4416
4403,17376
4404,34432
4405,47632
4406,52384
4407,46464
4408,32576
4409,15584
4410,3408
4411,288
4412,7680
4413,22992
4414,50416
4415,51632
4416,42320
4417,26848
4418,10608
4419,1136
4420,1536
4421,12192
4422,28144
4423,43808
4424,51904
4425,49600
4426,37984
4427,6784
4428,80
4429,4080
4430,17376
4431,33808
4432,47632
4433,52400
4434,46464
4435,32576
4436,15584
4437,3408
4438,288
4439,22992
4440,39120
4441,50416
4442,51632
4443,42320
4444,26848
4445,10608
4446,1136
4447,1760
4448,12192
4449,28784
4450,43808
4451,52032
4452,37408
4453,21104
4454,6368
4455,80
4456,4416
4457,17376
4458,34432
4459,47632
4460,52384
4461,46464
4462,31952
4463,15584
4464,288
4465,8144
4466,22992
4467,39680
4468,50416
4469,51456
4470,42320
4471,26208
4472,10608
4473,960
4474,1760
4475,12736
4476,29424
4477,52128
4478,49312
4479,36832
4480,20464
4481,5952
4482,32
4483,4784
4484,17984
4485,35040
4486,48336
4487,52336
4488,45632
4489,14432
4490,2816
4491,512
4492,8608
4493,24272
4494,40224
4495,50880
4496,51088
4497,41296
4498,24928
4499,9584
4500,640
4501,2256
4502,30688
4503,45184
4504,52288
4505,48688
4506,35648
4507,19216
4508,5168
4509,16
4510,5552
4511,19840
4512,36224
4513,49008
4514,44736
4515,29424
4516,13296
4517,2000
4518,784
4519,10096
4520,26208
4521,41808
4522,51456
4523,50656
4524,39680
4525,22992
4526,8144
4527,3104
4528,15584
4529,31952
4530,46464
4531,52400
4532,47632
4533,33808
4534,16768
4535,4080
4536,128
4537,6784
4538,21728
4539,49888
4540,51776
4541,43328
4542,27488
4543,11120
4544,1328
4545,1536
4546,11648
4547,28144
4548,43808
4549,51904
4550,49600
4551,37408
4552,6368
4553,80
4554,4416
4555,17984
4556,34432
4557,48000
4558,52336
4559,46048
4560,31312
4561,14432
4562,2816
4563,512
4564,24272
4565,40768
4566,50880
4567,51088
4568,40768
4569,24928
4570,9088
4571,512
4572,2528
4573,14432
4574,31312
4575,45632
4576,52336
4577,35040
4578,17984
4579,4416
4580,32
4581,6368
4582,21104
4583,37408
4584,49600
4585,51904
4586,43808
4587,28144
4588,11648
4589,1328
4590,11648
4591,27488
4592,43328
4593,51904
4594,49888
4595,37984
4596,21104
4597,6784
4598,80
4599,4416
4600,17376
4601,34432
4602,52384
4603,46048
4604,31312
4605,15008
4606,2816
4607,512
4608,9088
4609,24272
4610,40768
4611,51088
4612,51088
4613,40768
4614,9088
4615,512
4616,2816
4617,15008
4618,31312
4619,46048
4620,52384
4621,48000
4622,34432
4623,17376
4624,4080
4625,80
4626,6784
4627,37984
4628,49888
4629,51776
4630,42832
4631,27488
4632,11120
4633,1136
4634,1536
4635,12192
4636,28784
4637,44272
4638,52032
4639,36832
4640,19840
4641,5952
4642,16
4643,5168
4644,19216
4645,35648
4646,48688
4647,52224
4648,45184
4649,30048
4650,13296
4651,2000
4652,10096
4653,26208
4654,42320
4655,51456
4656,50416
4657,39120
4658,22368
4659,7232
4660,192
4661,3728
4662,16768
4663,33808
4664,52400
4665,46464
4666,31952
4667,15584
4668,3104
4669,384
4670,8608
4671,23632
4672,40224
4673,50880
4674,51088
4675,40768
4676,24928
4677,512
4678,2816
4679,14432
4680,31312
4681,46048
4682,52384
4683,47632
4684,34432
4685,17376
4686,4080
4687,128
4688,7232
4689,38560
4690,50160
4691,51632
4692,42832
4693,26848
4694,10608
4695,960
4696,2000
4697,12736
4698,29424
4699,44736
4700,52224
4701,48688
4702,19216
4703,5168
4704,16
4705,5952
4706,20464
4707,36832
4708,49312
4709,52032
4710,43808
4711,28144
4712,12192
4713,1536
4714,11648
4715,28144
4716,43808
4717,51904
4718,49600
4719,37408
4720,20464
4721,5952
4722,16
4723,4784
4724,18608
4725,35648
4726,48688
4727,44736
4728,30048
4729,13296
4730,2000
4731,960
4732,10608
4733,26848
4734,42320
4735,51632
4736,50160
4737,38560
4738,21728
4739,80
4740,4080
4741,17376
4742,34432
4743,48000
4744,52336
4745,45632
4746,30688
4747,14432
4748,2528
4749,640
4750,9584
4751,25568
4752,51456
4753,50416
4754,39680
4755,22992
4756,7680
4757,192
4758,3728
4759,16768
4760,33808
4761,47632
4762,52400
4763,46464
4764,15008
4765,2816
4766,512
4767,9088
4768,24928
4769,41296
4770,51088
4771,50880
4772,40224
4773,23632
4774,8144
4775,288
4776,3408
4777,33200
4778,46864
4779,52416
4780,46864
4781,32576
4782,15584
4783,3104
4784,384
4785,8608
4786,24272
4787,40768
4788,51088
4789,40768
4790,24272
4791,8608
4792,384
4793,3104
4794,15584
4795,32576
4796,46864
4797,52416
4798,46864
4799,32576
4800,15584
4801,3408
4802,8144
4803,23632
4804,40224
4805,50880
4806,51088
4807,40768
4808,24272
4809,8608
4810,384
4811,3104
4812,15584
4813,32576
4814,52400
4815,47248
4816,33200
4817,16192
4818,3408
4819,288
4820,8144
4821,23632
4822,40224
4823,50880
4824,51088
4825,40768
4826,24272
4827,384
4828,3104
4829,15584
4830,32576
4831,46864
4832,52416
4833,46864
4834,32576
4835,15584
4836,3104
4837,384
4838,8144
4839,40224
4840,50880
4841,51088
4842,40768
4843,24272
4844,8608
4845,384
4846,3104
4847,15584
4848,32576
4849,46864
4850,52416
4851,46864
4852,15584
4853,3104
4854,384
4855,8608
4856,24272
4857,40768
4858,51088
4859,50880
4860,40224
4861,23632
4862,8144
4863,288
4864,16192
4865,33200
4866,47248
4867,52400
4868,46464
4869,31952
4870,15008
4871,2816
4872,512
4873,9088
4874,24928
4875,41296
4876,51280
4877,39680
4878,22992
4879,7680
4880,192
4881,3728
4882,16768
4883,34432
4884,48000
4885,52336
4886,45632
4887,30688
4888,13856
4889,784
4890,10096
4891,26208
4892,42320
4893,51632
4894,50160
4895,38560
4896,21728
4897,6784
4898,80
4899,4416
4900,17984
4901,35040
4902,52288
4903,45184
4904,30048
4905,12736
4906,1760
4907,1136
4908,11120
4909,27488
4910,43328
4911,51904
4912,49600
4913,37408
4914,5952
4915,16
4916,5168
4917,19216
4918,36224
4919,49008
4920,52032
4921,43808
4922,28144
4923,11648
4924,1328
4925,1536
4926,12192
4927,44272
4928,52128
4929,49008
4930,36224
4931,19216
4932,4784
4933,32
4934,6368
4935,21104
4936,37984
4937,49888
4938,51776
4939,26848
4940,10608
4941,784
4942,2256
4943,13856
4944,30688
4945,45632
4946,52336
4947,48000
4948,34432
4949,17376
4950,4080
4951,192
4952,22992
4953,39680
4954,50656
4955,51280
4956,41296
4957,24928
4958,9088
4959,384
4960,3104
4961,15584
4962,32576
4963,46864
4964,46864
4965,32576
4966,15008
4967,2816
4968,512
4969,9088
4970,24928
4971,41296
4972,51280
4973,50416
4974,39120
4975,22368
4976,7232
4977,4080
4978,17376
4979,34432
4980,48336
4981,52288
4982,45184
4983,30048
4984,13296
4985,2000
4986,1136
4987,11120
4988,27488
4989,51904
4990,49600
4991,37408
4992,19840
4993,5552
4994,0
4995,5552
4996,19840
4997,36832
4998,49600
4999,51904
5000,43328
5001,27488
5002,1136
5003,2000
5004,13296
5005,30048
5006,45184
5007,52288
5008,48000
5009,34432
5010,17376
5011,4080
5012,128
5013,7232
5014,39680
5015,50656
5016,51280
5017,41296
5018,24272
5019,8608
5020,384
5021,3104
5022,15584
5023,33200
5024,47248
5025,52400
5026,46464
5027,14432
5028,2528
5029,640
5030,9584
5031,25568
5032,42320
5033,51632
5034,50160
5035,38560
5036,21728
5037,6368
5038,32
5039,18608
5040,35648
5041,49008
5042,52128
5043,44272
5044,28784
5045,11648
5046,1328
5047,1536
5048,12192
5049,28784
5050,44736
5051,52224
5052,35648
5053,17984
5054,4416
5055,80
5056,6784
5057,22368
5058,39120
5059,50416
5060,51456
5061,41296
5062,24928
5063,9088
5064,3104
5065,15584
5066,32576
5067,46864
5068,52400
5069,46464
5070,31952
5071,15008
5072,2528
5073,640
5074,9584
5075,25568
5076,42320
5077,50160
5078,38560
5079,21104
5080,6368
5081,32
5082,4784
5083,19216
5084,36224
5085,49008
5086,52032
5087,43808
5088,28144
5089,1136
5090,1760
5091,12736
5092,29424
5093,45184
5094,52288
5095,48336
5096,34432
5097,17376
5098,4080
5099,128
5100,7680
5101,22992
5102,50880
5103,51088
5104,40768
5105,23632
5106,8144
5107,288
5108,3408
5109,16768
5110,33808
5111,47632
5112,52336
5113,45632
5114,13296
5115,2000
5116,960
5117,10608
5118,27488
5119,43328
5120,51904
5121,49312
5122,36832
5123,19840
5124,5168
5125,16
5126,5952
5127,37984
5128,49888
5129,51632
5130,42320
5131,26208
5132,9584
5133,640
5134,2528
5135,15008
5136,31952
5137,46464
5138,52416
5139,32576
5140,15008
5141,2816
5142,512
5143,9584
5144,25568
5145,41808
5146,51632
5147,50160
5148,38560
5149,21104
5150,6368
5151,32
5152,19216
5153,36224
5154,49312
5155,52032
5156,43328
5157,27488
5158,11120
5159,960
5160,2000
5161,13296
5162,30688
5163,45632
5164,47632
5165,33808
5166,16192
5167,3408
5168,288
5169,8608
5170,24272
5171,40768
5172,51280
5173,50656
5174,39120
5175,22368
5176,7232
5177,4416
5178,17984
5179,35648
5180,48688
5181,52128
5182,44272
5183,28784
5184,11648
5185,1328
5186,1760
5187,12736
5188,29424
5189,52288
5190,48000
5191,34432
5192,17376
5193,3728
5194,192
5195,8144
5196,23632
5197,40224
5198,51088
5199,50880
5200,39680
5201,22992
5202,128
5203,4080
5204,17984
5205,35040
5206,48688
5207,52224
5208,44736
5209,28784
5210,12192
5211,1328
5212,1536
5213,12192
5214,44736
5215,52288
5216,48336
5217,34432
5218,17376
5219,3728
5220,192
5221,7680
5222,23632
5223,40224
5224,51088
5225,50880
5226,39680
5227,7680
5228,128
5229,4080
5230,17984
5231,35040
5232,48688
5233,52224
5234,44272
5235,28784
5236,11648
5237,1328
5238,1536
5239,29424
5240,45184
5241,52288
5242,48000
5243,34432
5244,16768
5245,3728
5246,288
5247,8144
5248,24272
5249,40768
5250,51088
5251,50656
5252,22368
5253,7232
5254,80
5255,4416
5256,18608
5257,35648
5258,49008
5259,52128
5260,43808
5261,28144
5262,11120
5263,1136
5264,13296
5265,30688
5266,45632
5267,52384
5268,47632
5269,33200
5270,16192
5271,3104
5272,384
5273,9088
5274,24928
5275,41808
5276,51456
5277,38560
5278,21104
5279,6368
5280,16
5281,5168
5282,19840
5283,36832
5284,49600
5285,51904
5286,42832
5287,26848
5288,10096
5289,2528
5290,14432
5291,31952
5292,46464
5293,52416
5294,46864
5295,31952
5296,15008
5297,2528
5298,784
5299,10096
5300,26848
5301,42832
5302,49600
5303,36832
5304,19840
5305,5168
5306,16
5307,6368
5308,21104
5309,38560
5310,50160
5311,51456
5312,41296
5313,24928
5314,384
5315,3408
5316,16192
5317,33808
5318,47632
5319,52336
5320,45184
5321,30048
5322,12736
5323,1760
5324,1328
5325,11648
5326,28784
5327,52224
5328,48336
5329,35040
5330,17376
5331,4080
5332,192
5333,7680
5334,23632
5335,40768
5336,51088
5337,50656
5338,39680
5339,7232
5340,80
5341,4784
5342,18608
5343,36224
5344,49008
5345,52032
5346,43328
5347,27488
5348,10608
5349,960
5350,2256
5351,14432
5352,46464
5353,52400
5354,46864
5355,31952
5356,15008
5357,2528
5358,640
5359,10096
5360,26848
5361,42832
5362,51904
5363,49600
5364,19216
5365,5168
5366,32
5367,6368
5368,21728
5369,39120
5370,50416
5371,51280
5372,41296
5373,24272
5374,8144
5375,288
5376,3728
5377,34432
5378,48336
5379,52288
5380,44736
5381,28784
5382,12192
5383,1328
5384,1760
5385,12736
5386,30048
5387,45632
5388,52336
5389,33808
5390,16192
5391,3104
5392,384
5393,9088
5394,25568
5395,41808
5396,51632
5397,49888
5398,37984
5399,20464
5400,5552
5401,0
5402,21104
5403,37984
5404,50160
5405,51456
5406,41808
5407,24928
5408,8608
5409,384
5410,3408
5411,16192
5412,33808
5413,48000
5414,45184
5415,29424
5416,12192
5417,1536
5418,1536
5419,12736
5420,29424
5421,45184
5422,52336
5423,48000
5424,33808
5425,16192
5426,3408
5427,9088
5428,24928
5429,41808
5430,51632
5431,50160
5432,37984
5433,20464
5434,5552
5435,0
5436,5952
5437,21104
5438,37984
5439,51456
5440,41808
5441,24928
5442,8608
5443,288
5444,3408
5445,16768
5446,34432
5447,48000
5448,52288
5449,44736
5450,29424
5451,12192
5452,1760
5453,12736
5454,30048
5455,45632
5456,52384
5457,47632
5458,33200
5459,15584
5460,3104
5461,512
5462,9584
5463,26208
5464,51776
5465,49600
5466,36832
5467,19840
5468,5168
5469,32
5470,6368
5471,21728
5472,39120
5473,50656
5474,51280
5475,40768
5476,23632
5477,192
5478,4080
5479,17984
5480,35648
5481,48688
5482,52128
5483,43808
5484,27488
5485,11120
5486,960
5487,2256
5488,14432
5489,46464
5490,52416
5491,46464
5492,31952
5493,14432
5494,2256
5495,960
5496,11120
5497,27488
5498,43808
5499,52128
5500,48688
5501,35648
5502,4080
5503,192
5504,8144
5505,23632
5506,40768
5507,51280
5508,50416
5509,39120
5510,21728
5511,6368
5512,16
5513,5552
5514,37408
5515,49888
5516,51632
5517,41808
5518,25568
5519,9088
5520,384
5521,3408
5522,16768
5523,33808
5524,48000
5525,52288
5526,44736
5527,12192
5528,1328
5529,1760
5530,13296
5531,30688
5532,45632
5533,52384
5534,47248
5535,32576
5536,15008
5537,2528
5538,640
5539,26848
5540,43328
5541,52032
5542,49312
5543,36224
5544,18608
5545,4416
5546,128
5547,7680
5548,22992
5549,40224
5550,51088
5551,50656
5552,21728
5553,6784
5554,32
5555,5168
5556,19840
5557,37408
5558,49888
5559,51776
5560,42320
5561,25568
5562,9088
5563,384
5564,16768
5565,33808
5566,48000
5567,52288
5568,44736
5569,28784
5570,11648
5571,1136
5572,1760
5573,13296
5574,30688
5575,46048
5576,52400
5577,31952
5578,14432
5579,2528
5580,784
5581,10608
5582,27488
5583,43808
5584,52128
5585,48688
5586,35648
5587,17984
5588,4080
5589,8144
5590,24272
5591,41296
5592,51456
5593,50160
5594,38560
5595,21104
5596,5952
5597,0
5598,5952
5599,21104
5600,38560
5601,50416
5602,41296
5603,24272
5604,8144
5605,192
5606,4080
5607,17984
5608,35648
5609,49008
5610,52032
5611,43328
5612,26848
5613,10608
5614,2528
5615,15008
5616,32576
5617,47248
5618,52384
5619,45632
5620,30048
5621,12736
5622,1536
5623,1536
5624,12192
5625,29424
5626,45184
5627,47632
5628,33200
5629,15584
5630,2816
5631,640
5632,10096
5633,26848
5634,43328
5635,52032
5636,49008
5637,36224
5638,18608
5639,128
5640,7680
5641,23632
5642,40768
5643,51280
5644,50416
5645,38560
5646,21104
5647,5952
5648,0
5649,5952
5650,21104
5651,38560
5652,51280
5653,40768
5654,23632
5655,7680
5656,192
5657,4080
5658,17984
5659,35648
5660,49008
5661,52032
5662,43328
5663,26848
5664,640
5665,2816
5666,15584
5667,33200
5668,47632
5669,52336
5670,45184
5671,29424
5672,12192
5673,1328
5674,1760
5675,13296
5676,30688
5677,52400
5678,46864
5679,31952
5680,14432
5681,2256
5682,960
5683,11120
5684,28144
5685,44272
5686,52224
5687,48336
5688,34432
5689,3408
5690,384
5691,9088
5692,25568
5693,42320
5694,51776
5695,49600
5696,36832
5697,19216
5698,4784
5699,80
5700,7232
5701,22992
5702,51088
5703,50656
5704,39120
5705,21728
5706,6368
5707,16
5708,5552
5709,20464
5710,37984
5711,50160
5712,51456
5713,41296
5714,8144
5715,192
5716,4080
5717,18608
5718,36224
5719,49312
5720,51904
5721,42832
5722,26208
5723,9584
5724,512
5725,3104
5726,16192
5727,48000
5728,52288
5729,44736
5730,28784
5731,11648
5732,1136
5733,2000
5734,13856
5735,31312
5736,46464
5737,52400
5738,46048
5739,13296
5740,1760
5741,1328
5742,12192
5743,29424
5744,45184
5745,52336
5746,47632
5747,33200
5748,15584
5749,2816
5750,640
5751,10608
5752,43808
5753,52128
5754,48688
5755,35040
5756,17376
5757,3728
5758,288
5759,8608
5760,24928
5761,41808
5762,51776
5763,49600
5764,19216
5765,4784
5766,80
5767,7232
5768,22992
5769,40224
5770,51088
5771,50416
5772,38560
5773,21104
5774,5952
5775,0
5776,5952
5777,38560
5778,50416
5779,51088
5780,40224
5781,22992
5782,7232
5783,80
5784,4784
5785,19216
5786,36832
5787,49600
5788,51632
5789,24928
5790,8608
5791,288
5792,3728
5793,17376
5794,35040
5795,49008
5796,52032
5797,43328
5798,26848
5799,10096
5800,640
5801,2816
5802,33808
5803,48000
5804,52288
5805,44736
5806,28784
5807,11648
5808,960
5809,2256
5810,14432
5811,31952
5812,46864
5813,52400
5814,30048
5815,12736
5816,1536
5817,1536
5818,12736
5819,30048
5820,46048
5821,52400
5822,46864
5823,31952
5824,14432
5825,2256
5826,1136
5827,28784
5828,44736
5829,52288
5830,48000
5831,33200
5832,15584
5833,2816
5834,640
5835,10096
5836,26848
5837,43808
5838,52128
5839,35040
5840,17376
5841,3408
5842,384
5843,9088
5844,25568
5845,42320
5846,51904
5847,49312
5848,36224
5849,18608
5850,4416
5851,128
5852,24272
5853,41296
5854,51456
5855,49888
5856,37408
5857,19840
5858,5168
5859,32
5860,7232
5861,22992
5862,40224
5863,51088
5864,38560
5865,21104
5866,5952
5867,0
5868,5952
5869,21728
5870,39120
5871,50656
5872,51088
5873,39680
5874,22368
5875,6784
5876,32
5877,20464
5878,37984
5879,50160
5880,51456
5881,40768
5882,23632
5883,7680
5884,128
5885,4784
5886,19216
5887,36832
5888,49600
5889,41808
5890,24928
5891,8608
5892,192
5893,4080
5894,17984
5895,35648
5896,49312
5897,51904
5898,42832
5899,26208
5900,9088
5901,384
5902,16768
5903,35040
5904,48688
5905,52128
5906,43808
5907,26848
5908,10096
5909,640
5910,3104
5911,16192
5912,33808
5913,48000
5914,44272
5915,28144
5916,11120
5917,784
5918,2528
5919,15008
5920,33200
5921,47632
5922,52336
5923,45184
5924,28784
5925,11648
5926,1136
5927,14432
5928,31952
5929,46864
5930,52384
5931,45632
5932,30048
5933,12192
5934,1328
5935,1760
5936,13856
5937,31312
5938,46464
5939,46048
5940,30688
5941,13296
5942,1536
5943,1536
5944,12736
5945,30688
5946,46048
5947,52400
5948,46464
5949,31312
5950,13856
5951,2000
5952,12192
5953,29424
5954,45632
5955,52384
5956,47248
5957,31952
5958,14432
5959,2256
5960,1136
5961,11648
5962,28784
5963,45184
5964,47632
5965,32576
5966,15008
5967,2528
5968,960
5969,11120
5970,28144
5971,44736
5972,52288
5973,48000
5974,33200
5975,15584
5976,2528
5977,10608
5978,28144
5979,44272
5980,52224
5981,48000
5982,33808
5983,16192
5984,2816
5985,640
5986,10096
5987,27488
5988,43808
5989,48336
5990,34432
5991,16192
5992,3104
5993,512
5994,10096
5995,26848
5996,43328
5997,52128
5998,48688
5999,34432
6000,16768
6001,3408
6002,9584
6003,26848
6004,43328
6005,52032
6006,48688
6007,35040
6008,17376
6009,3408
6010,384
6011,9584
6012,26208
6013,42832
6014,49008
6015,35040
6016,17376
6017,3728
6018,384
6019,9088
6020,26208
6021,42832
6022,51904
6023,49008
6024,35648
6025,17376
6026,3728
6027,9088
6028,25568
6029,42832
6030,51904
6031,49008
6032,35648
6033,17984
6034,3728
6035,288
6036,9088
6037,25568
6038,42320
6039,49312
6040,35648
6041,17984
6042,3728
6043,288
6044,8608
6045,25568
6046,42320
6047,51904
6048,49312
6049,35648
6050,17984
6051,3728
6052,8608
6053,25568
6054,42320
6055,51904
6056,49312
6057,35648
6058,17984
6059,3728
6060,288
6061,8608
6062,25568
6063,42320
6064,49312
6065,35648
6066,17984
6067,3728
6068,288
6069,9088
6070,25568
6071,42832
6072,51904
6073,49312
6074,35648
6075,17984
6076,3728
6077,9088
6078,25568
6079,42832
6080,51904
6081,49008
6082,35648
6083,17376
6084,3728
6085,384
6086,9088
6087,26208
6088,42832
6089,49008
6090,35040
6091,17376
6092,3728
6093,384
6094,9088
6095,26208
6096,42832
6097,52032
6098,49008
6099,35040
6100,17376
6101,3408
6102,9584
6103,26208
6104,43328
6105,52032
6106,48688
6107,35040
6108,16768
6109,3104
6110,512
6111,10096
6112,26848
6113,43808
6114,48336
6115,34432
6116,16192
6117,3104
6118,640
6119,10096
6120,27488
6121,43808
6122,52224
6123,48336
6124,33808
6125,16192
6126,2816
6127,10608
6128,28144
6129,44272
6130,52288
6131,48000
6132,33200
6133,15584
6134,2528
6135,784
6136,11120
6137,28144
6138,44736
6139,47632
6140,32576
6141,15008
6142,2256
6143,960
6144,11648
6145,28784
6146,45184
6147,52336
6148,47248
6149,31952
6150,14432
6151,2000
6152,12192
6153,29424
6154,45632
6155,52384
6156,46864
6157,31312
6158,13856
6159,1760
6160,1328
6161,12736
6162,30048
6163,46048
6164,46464
6165,30688
6166,13296
6167,1536
6168,1760
6169,13296
6170,31312
6171,46464
6172,52400
6173,46048
6174,30048
6175,12192
6176,1328
6177,13856
6178,31952
6179,47248
6180,52384
6181,45184
6182,29424
6183,11648
6184,960
6185,2256
6186,15008
6187,32576
6188,47632
6189,44736
6190,28144
6191,11120
6192,784
6193,2816
6194,15584
6195,33808
6196,48336
6197,52224
6198,43808
6199,27488
6200,10096
6201,512
6202,16768
6203,34432
6204,48688
6205,52032
6206,43328
6207,26208
6208,9088
6209,384
6210,3728
6211,17984
6212,35648
6213,49312
6214,42320
6215,24928
6216,8608
6217,192
6218,4416
6219,18608
6220,36832
6221,49888
6222,51632
6223,41296
6224,23632
6225,7680
6226,80
6227,19840
6228,37984
6229,50160
6230,51280
6231,40224
6232,22992
6233,6784
6234,16
6235,5552
6236,21104
6237,39120
6238,50656
6239,39120
6240,21728
6241,5952
6242,16
6243,6368
6244,22368
6245,40224
6246,51088
6247,50416
6248,37984
6249,20464
6250,5168
6251,80
6252,23632
6253,41296
6254,51632
6255,49888
6256,36832
6257,18608
6258,4416
6259,192
6260,8608
6261,24928
6262,42320
6263,51904
6264,35648
6265,17376
6266,3408
6267,384
6268,9584
6269,26848
6270,43328
6271,52128
6272,48336
6273,33808
6274,16192
6275,2816
6276,784
6277,28144
6278,44736
6279,52336
6280,47632
6281,32576
6282,14432
6283,2256
6284,1136
6285,12192
6286,30048
6287,45632
6288,52400
6289,31312
6290,13296
6291,1536
6292,1760
6293,13296
6294,31312
6295,46864
6296,52384
6297,45632
6298,29424
6299,11648
6300,960
6301,2256
6302,33200
6303,48000
6304,52288
6305,44272
6306,27488
6307,10096
6308,640
6309,3104
6310,16768
6311,35040
6312,48688
6313,52032
6314,25568
6315,9088
6316,288
6317,4080
6318,18608
6319,36224
6320,49600
6321,51632
6322,41296
6323,24272
6324,7680
6325,80
6326,5168
6327,37984
6328,50416
6329,51088
6330,39680
6331,22368
6332,6368
6333,0
6334,6368
6335,22368
6336,39680
6337,51088
6338,50416
6339,19840
6340,5168
6341,80
6342,7680
6343,24272
6344,41296
6345,51632
6346,49600
6347,36224
6348,17984
6349,4080
6350,288
6351,9088
6352,43328
6353,52128
6354,48688
6355,34432
6356,16192
6357,2816
6358,784
6359,10608
6360,28144
6361,44736
6362,52336
6363,47248
6364,14432
6365,2000
6366,1328
6367,12736
6368,30688
6369,46048
6370,52416
6371,46048
6372,30048
6373,12192
6374,1136
6375,2000
6376,14432
6377,47632
6378,52288
6379,44272
6380,28144
6381,10608
6382,640
6383,3104
6384,16768
6385,35040
6386,48688
6387,52032
6388,42832
6389,8608
6390,192
6391,4416
6392,18608
6393,36832
6394,49888
6395,51456
6396,40768
6397,22992
6398,6784
6399,32
6400,5552
6401,21104
6402,50880
6403,50656
6404,38560
6405,21104
6406,5552
6407,32
6408,7232
6409,23632
6410,41296
6411,51632
6412,49600
6413,36832
6414,4080
6415,288
6416,9088
6417,26208
6418,43328
6419,52128
6420,48336
6421,34432
6422,16192
6423,2816
6424,784
6425,11120
6426,28784
6427,52384
6428,46864
6429,31952
6430,13856
6431,1760
6432,1536
6433,13296
6434,31312
6435,46864
6436,52384
6437,45184
6438,28784
6439,960
6440,2528
6441,15584
6442,33808
6443,48336
6444,52128
6445,43328
6446,26208
6447,9088
6448,288
6449,4080
6450,17984
6451,36224
6452,51632
6453,41296
6454,23632
6455,7232
6456,32
6457,5552
6458,21104
6459,39120
6460,50880
6461,50656
6462,38560
6463,20464
6464,32
6465,7232
6466,23632
6467,41296
6468,51632
6469,49600
6470,36224
6471,17984
6472,3728
6473,384
6474,9584
6475,26848
6476,43808
6477,48000
6478,33200
6479,15008
6480,2256
6481,1136
6482,11648
6483,29424
6484,45632
6485,52400
6486,46464
6487,30688
6488,12736
6489,2000
6490,14432
6491,32576
6492,47632
6493,52288
6494,44272
6495,27488
6496,10096
6497,512
6498,3408
6499,17376
6500,35648
6501,49312
6502,41808
6503,24272
6504,7680
6505,80
6506,5168
6507,20464
6508,38560
6509,50656
6510,50880
6511,39120
6512,21104
6513,5552
6514,7232
6515,23632
6516,41296
6517,51632
6518,49600
6519,36224
6520,17984
6521,3728
6522,384
6523,9584
6524,26848
6525,43808
6526,52224
6527,33200
6528,15008
6529,2256
6530,1136
6531,12192
6532,30048
6533,46048
6534,52416
6535,46048
6536,30048
6537,12192
6538,1136
6539,15008
6540,33200
6541,48000
6542,52224
6543,43808
6544,26848
6545,9088
6546,288
6547,4080
6548,18608
6549,36832
6550,49888
6551,51456
6552,22992
6553,6784
6554,16
6555,5952
6556,21728
6557,39680
6558,51088
6559,50416
6560,37984
6561,19840
6562,4784
6563,128
6564,25568
6565,42832
6566,52032
6567,48688
6568,34432
6569,16192
6570,2816
6571,784
6572,11120
6573,28784
6574,45184
6575,52384
6576,46864
6577,12736
6578,1328
6579,2000
6580,14432
6581,32576
6582,47632
6583,52288
6584,44272
6585,27488
6586,10096
6587,512
6588,3408
6589,36224
6590,49600
6591,51632
6592,41296
6593,23632
6594,7232
6595,32
6596,5552
6597,21104
6598,39680
6599,51088
6600,50416
6601,37984
6602,4784
6603,128
6604,8144
6605,24928
6606,42832
6607,52032
6608,48688
6609,34432
6610,16192
6611,2816
6612,784
6613,11120
6614,45632
6615,52400
6616,46464
6617,30688
6618,12736
6619,1328
6620,2000
6621,14432
6622,33200
6623,48000
6624,52224
6625,43808
6626,26848
6627,384
6628,4080
6629,18608
6630,36832
6631,49888
6632,51456
6633,40768
6634,22992
6635,6368
6636,0
6637,6368
6638,22368
6639,51280
6640,50160
6641,36832
6642,18608
6643,4080
6644,288
6645,9088
6646,26208
6647,43808
6648,52224
6649,48000
6650,33200
6651,15008
6652,1328
6653,12736
6654,30688
6655,46464
6656,52400
6657,45632
6658,28784
6659,11120
6660,784
6661,2816
6662,16192
6663,34432
6664,51904
6665,42320
6666,24928
6667,8144
6668,80
6669,5168
6670,20464
6671,38560
6672,50656
6673,50656
6674,38560
6675,20464
6676,5168
6677,8144
6678,24928
6679,42320
6680,51904
6681,49008
6682,34432
6683,16192
6684,2816
6685,784
6686,11120
6687,29424
6688,45632
6689,46464
6690,30688
6691,12192
6692,1136
6693,2256
6694,15008
6695,33808
6696,48336
6697,52128
6698,43328
6699,26208
6700,8608
6701,192
6702,19216
6703,37984
6704,50416
6705,51088
6706,39680
6707,21728
6708,5552
6709,32
6710,7232
6711,23632
6712,41808
6713,51776
6714,35648
6715,16768
6716,3104
6717,640
6718,10608
6719,28784
6720,45184
6721,52384
6722,46864
6723,30688
6724,12736
6725,1328
6726,2000
6727,33200
6728,48000
6729,52224
6730,43328
6731,26208
6732,9088
6733,288
6734,4416
6735,19216
6736,37408
6737,50416
6738,51088
6739,21728
6740,5552
6741,32
6742,7232
6743,23632
6744,41808
6745,51776
6746,49312
6747,35040
6748,16768
6749,3104
6750,640
6751,11120
6752,45184
6753,52400
6754,46464
6755,30688
6756,12736
6757,1136
6758,2256
6759,15008
6760,33808
6761,48336
6762,52128
6763,42832
6764,8608
6765,192
6766,4784
6767,19840
6768,37984
6769,50656
6770,50880
6771,39120
6772,20464
6773,5168
6774,80
6775,8144
6776,24928
6777,52032
6778,48688
6779,34432
6780,15584
6781,2528
6782,960
6783,11648
6784,30048
6785,46048
6786,52416
6787,45632
6788,29424
6789,784
6790,2816
6791,16192
6792,35040
6793,49008
6794,51904
6795,41808
6796,24272
6797,7232
6798,32
6799,5552
6800,21728
6801,39680
6802,50160
6803,37408
6804,19216
6805,4080
6806,288
6807,9088
6808,26848
6809,43808
6810,52224
6811,47632
6812,32576
6813,13856
6814,1536
6815,13856
6816,31952
6817,47248
6818,52288
6819,44272
6820,27488
6821,9584
6822,384
6823,4080
6824,18608
6825,36832
6826,50160
6827,40224
6828,21728
6829,5952
6830,32
6831,7232
6832,23632
6833,41808
6834,51776
6835,49008
6836,35040
6837,16768
6838,2816
6839,11120
6840,29424
6841,45632
6842,52416
6843,46048
6844,30048
6845,11648
6846,960
6847,2816
6848,16192
6849,35040
6850,49008
6851,51904
6852,24272
6853,7232
6854,32
6855,5552
6856,21728
6857,39680
6858,51280
6859,50160
6860,37408
6861,18608
6862,4080
6863,384
6864,27488
6865,44272
6866,52288
6867,47248
6868,31952
6869,13296
6870,1536
6871,2000
6872,14432
6873,32576
6874,48000
6875,52224
6876,43328
6877,8608
6878,192
6879,4784
6880,19840
6881,37984
6882,50656
6883,50880
6884,38560
6885,20464
6886,4784
6887,128
6888,8608
6889,42832
6890,52128
6891,48336
6892,33200
6893,15008
6894,2000
6895,1328
6896,13296
6897,31312
6898,47248
6899,52336
6900,44272
6901,27488
6902,384
6903,3728
6904,18608
6905,36832
6906,50160
6907,51280
6908,39680
6909,21728
6910,5552
6911,32
6912,7680
6913,24272
6914,51904
6915,48688
6916,34432
6917,15584
6918,2528
6919,1136
6920,12192
6921,30688
6922,46464
6923,52384
6924,45184
6925,28144
6926,10608
6927,3408
6928,17984
6929,36224
6930,49888
6931,51456
6932,40224
6933,22368
6934,5952
6935,16
6936,7232
6937,23632
6938,41808
6939,49008
6940,35040
6941,16192
6942,2816
6943,960
6944,11648
6945,30048
6946,46048
6947,52400
6948,45632
6949,28784
6950,11120
6951,640
6952,17376
6953,36224
6954,49600
6955,51456
6956,40768
6957,22368
6958,6368
6959,16
6960,6784
6961,23632
6962,41296
6963,51776
6964,35040
6965,16192
6966,2816
6967,960
6968,11648
6969,30048
6970,46048
6971,52400
6972,45632
6973,28784
6974,10608
6975,640
6976,3408
6977,36224
6978,49600
6979,51456
6980,40768
6981,22368
6982,5952
6983,16
6984,7232
6985,23632
6986,41808
6987,51776
6988,49008
6989,16192
6990,2528
6991,960
6992,12192
6993,30048
6994,46464
6995,52384
6996,45184
6997,28144
6998,10608
6999,512
7000,3728
7001,17984
7002,49888
7003,51280
7004,39680
7005,21728
7006,5552
7007,32
7008,7680
7009,24928
7010,42320
7011,52032
7012,48688
7013,33808
7014,2256
7015,1328
7016,12736
7017,31312
7018,47248
7019,52336
7020,44272
7021,27488
7022,9584
7023,288
7024,4080
7025,19216
7026,37984
7027,50880
7028,39120
7029,20464
7030,4784
7031,128
7032,8608
7033,26208
7034,43328
7035,52224
7036,48000
7037,32576
7038,13856
7039,1760
7040,14432
7041,32576
7042,48000
7043,52224
7044,43328
7045,25568
7046,8608
7047,128
7048,5168
7049,20464
7050,39120
7051,51088
7052,37408
7053,18608
7054,4080
7055,384
7056,10096
7057,27488
7058,44736
7059,52384
7060,46864
7061,30688
7062,12192
7063,1136
7064,16192
7065,34432
7066,49008
7067,51776
7068,41808
7069,23632
7070,6784
7071,16
7072,6368
7073,22992
7074,40768
7075,51632
7076,49312
7077,16768
7078,2816
7079,784
7080,11648
7081,30048
7082,46048
7083,52400
7084,45184
7085,28784
7086,10608
7087,512
7088,3728
7089,36832
7090,50160
7091,51280
7092,39680
7093,21104
7094,5552
7095,80
7096,8144
7097,25568
7098,42832
7099,52128
7100,48000
7101,33200
7102,1760
7103,1760
7104,13856
7105,32576
7106,48000
7107,52224
7108,43328
7109,25568
7110,8144
7111,128
7112,5168
7113,21104
7114,51088
7115,50160
7116,36832
7117,18608
7118,3728
7119,512
7120,10608
7121,28144
7122,45184
7123,52400
7124,46048
7125,30048
7126,11648
7127,3104
7128,16768
7129,35648
7130,49600
7131,51632
7132,40768
7133,22368
7134,5952
7135,16
7136,7232
7137,24272
7138,42320
7139,48688
7140,33808
7141,15008
7142,2000
7143,1328
7144,13296
7145,31952
7146,47632
7147,52288
7148,43808
7149,26208
7150,8608
7151,192
7152,20464
7153,39120
7154,51088
7155,50416
7156,37408
7157,18608
7158,3728
7159,384
7160,10096
7161,28144
7162,45184
7163,52400
7164,30048
7165,11648
7166,784
7167,3104
7168,16768
7169,35648
7170,49600
7171,51456
7172,40768
7173,22368
7174,5952
7175,32
7176,7680
7177,42320
7178,52032
7179,48336
7180,33200
7181,15008
7182,2000
7183,1536
7184,13856
7185,32576
7186,48000
7187,52224
7188,43328
7189,8144
7190,80
7191,5168
7192,21104
7193,39680
7194,51280
7195,49888
7196,36224
7197,17984
7198,3408
7199,640
7200,11120
7201,29424
7202,52416
7203,45632
7204,28784
7205,10608
7206,512
7207,3728
7208,17984
7209,36832
7210,50160
7211,51088
7212,39120
7213,20464
7214,128
7215,8608
7216,26208
7217,43808
7218,52288
7219,47248
7220,31952
7221,13296
7222,1328
7223,2256
7224,15584
7225,34432
7226,49008
7227,41808
7228,23632
7229,6784
7230,0
7231,6784
7232,23632
7233,41808
7234,51776
7235,49008
7236,34432
7237,15584
7238,2256
7239,13296
7240,31952
7241,47248
7242,52288
7243,43808
7244,26208
7245,8608
7246,128
7247,5168
7248,21104
7249,39120
7250,51088
7251,50160
7252,17984
7253,3408
7254,640
7255,11120
7256,29424
7257,46048
7258,52416
7259,45632
7260,28784
7261,10608
7262,512
7263,3728
7264,37408
7265,50416
7266,50880
7267,38560
7268,20464
7269,4784
7270,192
7271,9088
7272,26848
7273,44272
7274,52336
7275,46864
7276,30688
7277,960
7278,2816
7279,16192
7280,35040
7281,49312
7282,51632
7283,40768
7284,22368
7285,5952
7286,32
7287,7680
7288,24928
7289,52128
7290,48000
7291,32576
7292,13856
7293,1536
7294,1760
7295,14432
7296,33200
7297,48336
7298,52032
7299,42320
7300,24272
7301,7232
7302,6368
7303,22992
7304,41296
7305,51776
7306,49008
7307,34432
7308,15584
7309,2256
7310,1328
7311,13296
7312,31952
7313,47632
7314,43328
7315,26208
7316,8608
7317,128
7318,5168
7319,21104
7320,39680
7321,51280
7322,49888
7323,36224
7324,17376
7325,3104
7326,784
7327,30048
7328,46464
7329,52384
7330,44736
7331,27488
7332,9584
7333,288
7334,4416
7335,19840
7336,38560
7337,50880
7338,50416
7339,18608
7340,3728
7341,512
7342,10608
7343,28784
7344,45632
7345,52416
7346,45632
7347,28784
7348,10608
7349,512
7350,3728
7351,18608
7352,50416
7353,50880
7354,38560
7355,19840
7356,4416
7357,288
7358,9584
7359,27488
7360,44736
7361,52384
7362,46464
7363,30048
7364,640
7365,3408
7366,17984
7367,36832
7368,50160
7369,51088
7370,39120
7371,20464
7372,4784
7373,192
7374,9088
7375,26848
7376,44272
7377,46864
7378,30688
7379,12192
7380,960
7381,2816
7382,16768
7383,35648
7384,49600
7385,51456
7386,40224
7387,21104
7388,5168
7389,8608
7390,26208
7391,43808
7392,52288
7393,47248
7394,31312
7395,12736
7396,1136
7397,2528
7398,16192
7399,35040
7400,49312
7401,51456
7402,21728
7403,5552
7404,80
7405,8144
7406,25568
7407,38560
7408,48336
7409,52384
7410,49600
7411,40224
7412,27488
7413,14432
7414,80
7415,2528
7416,11120
7417,24272
7418,37408
7419,47632
7420,52288
7421,50160
7422,41808
7423,29424
7424,16192
7425,5168
7426,192
7427,10096
7428,22368
7429,35648
7430,46464
7431,52128
7432,50656
7433,42832
7434,30688
7435,17376
7436,6368
7437,384
7438,1536
7439,21104
7440,34432
7441,45632
7442,51776
7443,51088
7444,43808
7445,31952
7446,18608
7447,7232
7448,784
7449,1136
7450,8144
7451,19840
7452,44736
7453,51632
7454,51456
7455,44736
7456,33200
7457,19840
7458,8144
7459,960
7460,784
7461,7232
7462,18608
7463,31952
7464,51280
7465,51776
7466,45632
7467,34432
7468,20464
7469,8608
7470,1328
7471,512
7472,6368
7473,17376
7474,31312
7475,43328
7476,50880
7477,46048
7478,35040
7479,21728
7480,9584
7481,1760
7482,384
7483,5952
7484,16768
7485,30048
7486,42320
7487,50656
7488,52128
7489,36224
7490,22992
7491,10096
7492,2000
7493,192
7494,5168
7495,16192
7496,29424
7497,41808
7498,50160
7499,52224
7500,47248
7501,36832
7502,11120
7503,2256
7504,128
7505,4784
7506,15008
7507,28784
7508,41296
7509,49888
7510,52336
7511,47632
7512,37408
7513,24272
7514,2528
7515,80
7516,4416
7517,14432
7518,28144
7519,40768
7520,49600
7521,52384
7522,48000
7523,37984
7524,24928
7525,12192
7526,2816
7527,4080
7528,14432
7529,27488
7530,40224
7531,49312
7532,52384
7533,48336
7534,38560
7535,25568
7536,12192
7537,3104
7538,16
7539,13856
7540,26848
7541,39680
7542,49312
7543,52400
7544,48688
7545,39120
7546,25568
7547,12736
7548,3408
7549,16
7550,3728
7551,13296
7552,39680
7553,49008
7554,52416
7555,48688
7556,39120
7557,26208
7558,12736
7559,3408
7560,0
7561,3728
7562,13296
7563,26208
7564,49008
7565,52416
7566,49008
7567,39120
7568,26208
7569,13296
7570,3408
7571,0
7572,3408
7573,13296
7574,26208
7575,39120
7576,49008
7577,49008
7578,39120
7579,26208
7580,13296
7581,3408
7582,0
7583,3408
7584,13296
7585,26208
7586,39120
7587,49008
7588,52416
7589,39120
7590,26208
7591,13296
7592,3408
7593,0
7594,3408
7595,13296
7596,26208
7597,39120
7598,49008
7599,52416
7600,49008
7601,39120
7602,13296
7603,3408
7604,0
7605,3728
7606,13296
7607,26208
7608,39680
7609,49008
7610,52416
7611,48688
7612,39120
7613,26208
7614,3408
7615,16
7616,3728
7617,13296
7618,26848
7619,39680
7620,49008
7621,52400
7622,48688
7623,38560
7624,25568
7625,12736
7626,3104
7627,4080
7628,13856
7629,26848
7630,40224
7631,49312
7632,52400
7633,48336
7634,38560
7635,24928
7636,12192
7637,3104
7638,32
7639,14432
7640,27488
7641,40224
7642,49600
7643,52384
7644,48000
7645,37984
7646,24928
7647,11648
7648,2816
7649,80
7650,4416
7651,15008
7652,40768
7653,49888
7654,52336
7655,47632
7656,37408
7657,24272
7658,11120
7659,2528
7660,128
7661,4784
7662,15584
7663,28784
7664,50160
7665,52288
7666,47248
7667,36832
7668,22992
7669,10608
7670,2000
7671,192
7672,5168
7673,16192
7674,29424
7675,42320
7676,50416
7677,46864
7678,36224
7679,22368
7680,10096
7681,1760
7682,288
7683,5952
7684,16768
7685,30688
7686,42832
7687,50880
7688,52032
7689,35040
7690,21728
7691,9088
7692,1536
7693,512
7694,6368
7695,17984
7696,31312
7697,43808
7698,51088
7699,51776
7700,45632
7701,33808
7702,8144
7703,1136
7704,640
7705,7232
7706,18608
7707,32576
7708,44272
7709,51456
7710,51632
7711,44736
7712,33200
7713,19216
7714,784
7715,960
7716,8144
7717,19840
7718,33808
7719,45184
7720,51776
7721,51280
7722,43808
7723,31952
7724,17984
7725,6784
7726,512
7727,9088
7728,21104
7729,35040
7730,46048
7731,52032
7732,50880
7733,42832
7734,30688
7735,16768
7736,5952
7737,288
7738,2000
7739,22992
7740,36224
7741,47248
7742,52224
7743,50160
7744,41808
7745,28784
7746,15584
7747,4784
7748,128
7749,2528
7750,11120
7751,24272
7752,48000
7753,52384
7754,49600
7755,40224
7756,27488
7757,13856
7758,4080
7759,16
7760,3104
7761,12736
7762,25568
7763,39120
7764,52416
7765,48688
7766,39120
7767,25568
7768,12736
7769,3104
7770,16
7771,4080
7772,14432
7773,27488
7774,40768
7775,49600
7776,52336
7777,37408
7778,24272
7779,11120
7780,2256
7781,128
7782,5168
7783,15584
7784,29424
7785,42320
7786,50416
7787,52128
7788,46864
7789,22368
7790,9584
7791,1536
7792,384
7793,6368
7794,17376
7795,31312
7796,43808
7797,51088
7798,51776
7799,45632
7800,33808
7801,20464
7802,960
7803,784
7804,7680
7805,19216
7806,33200
7807,45184
7808,51632
7809,51280
7810,43808
7811,31952
7812,17984
7813,6784
7814,1536
7815,9088
7816,21728
7817,35040
7818,46464
7819,52128
7820,50656
7821,42320
7822,30048
7823,16192
7824,5168
7825,192
7826,2256
7827,23632
7828,37408
7829,48000
7830,52336
7831,49600
7832,40768
7833,27488
7834,13856
7835,4080
7836,16
7837,3408
7838,12736
7839,39680
7840,49008
7841,52400
7842,48688
7843,38560
7844,24928
7845,12192
7846,2816
7847,80
7848,4416
7849,15008
7850,28784
7851,41296
7852,52224
7853,47248
7854,36224
7855,22368
7856,10096
7857,1760
7858,384
7859,5952
7860,17376
7861,31312
7862,43328
7863,51088
7864,45632
7865,33808
7866,19840
7867,8144
7868,960
7869,960
7870,7680
7871,19840
7872,33808
7873,45184
7874,51776
7875,51088
7876,43808
7877,17376
7878,5952
7879,384
7880,1760
7881,10096
7882,22368
7883,36224
7884,47248
7885,52224
7886,50160
7887,41296
7888,28144
7889,4416
7890,32
7891,2816
7892,12192
7893,25568
7894,38560
7895,48688
7896,52416
7897,48688
7898,39120
7899,25568
7900,12192
7901,3104
7902,4416
7903,15008
7904,28144
7905,41296
7906,50160
7907,52288
7908,47248
7909,36224
7910,22368
7911,10096
7912,1760
7913,384
7914,17376
7915,31312
7916,43808
7917,51280
7918,51776
7919,45184
7920,33200
7921,19840
7922,7680
7923,784
7924,1136
7925,8144
7926,20464
7927,46048
7928,51904
7929,50880
7930,42832
7931,30048
7932,16768
7933,5552
7934,192
7935,2256
7936,11120
7937,23632
7938,37408
7939,52384
7940,49600
7941,40224
7942,26848
7943,13296
7944,3728
7945,0
7946,3728
7947,13856
7948,26848
7949,40224
7950,49600
7951,52336
7952,37408
7953,23632
7954,10608
7955,2000
7956,288
7957,5552
7958,16768
7959,30688
7960,43328
7961,50880
7962,51904
7963,45632
7964,19840
7965,8144
7966,960
7967,960
7968,8144
7969,20464
7970,33808
7971,45632
7972,51904
7973,50880
7974,42832
7975,30688
7976,16768
7977,192
7978,2256
7979,10608
7980,23632
7981,37408
7982,48000
7983,52384
7984,49312
7985,40224
7986,26848
7987,13296
7988,3408
7989,3728
7990,13856
7991,27488
7992,40768
7993,49888
7994,52288
7995,47632
7996,36832
7997,22992
7998,10096
7999,1760
