sample_index,waveform_sample
0,3275
1,3082
2,1718
3,902
4,276
5,2
6,176
7,728
8,1517
9,2338
10,2977
11,3268
12,3118
13,2581
14,1799
15,323
16,12
17,125
18,663
19,1437
20,2264
21,2929
22,3258
23,3166
24,2677
25,1878
26,1048
27,24
28,96
29,568
30,1358
31,2190
32,2878
33,3244
34,3193
35,2738
36,1957
37,1124
38,424
39,40
40,509
41,1279
42,2113
43,2824
44,3227
45,3216
46,2796
47,2036
48,1201
49,480
50,60
51,49
52,1201
53,2036
54,2767
55,3205
56,3236
57,2824
58,2113
59,1279
60,538
61,83
62,40
63,424
64,1124
65,2708
66,3193
67,3244
68,2878
69,2190
70,1358
71,568
72,96
73,24
74,372
75,1048
76,1918
77,3166
78,3258
79,2904
80,2228
81,1398
82,631
83,125
84,18
85,347
86,1012
87,1839
88,2645
89,3151
90,2953
91,2264
92,1437
93,663
94,141
95,8
96,323
97,974
98,1799
99,2581
100,3135
101,3268
102,2338
103,1477
104,695
105,158
106,5
107,299
108,938
109,1759
110,2548
111,3118
112,3271
113,3000
114,2374
115,728
116,176
117,2
118,276
119,902
120,1718
121,2548
122,3100
123,3274
124,3021
125,2374
126,1558
127,194
128,2
129,255
130,866
131,1718
132,2514
133,3082
134,3275
135,3021
136,2410
137,1598
138,762
139,194
140,233
141,866
142,1678
143,2480
144,3082
145,3275
146,3043
147,2410
148,1598
149,796
150,213
151,1
152,831
153,1678
154,2480
155,3063
156,3275
157,3043
158,2445
159,1598
160,796
161,213
162,0
163,233
164,831
165,2480
166,3063
167,3276
168,3043
169,2445
170,1638
171,796
172,213
173,0
174,233
175,831
176,1638
177,3063
178,3276
179,3043
180,2445
181,1638
182,796
183,213
184,0
185,233
186,831
187,1678
188,2480
189,3063
190,3043
191,2445
192,1598
193,796
194,213
195,1
196,233
197,831
198,1678
199,2480
200,3082
201,3275
202,2410
203,1598
204,796
205,194
206,1
207,233
208,866
209,1678
210,2514
211,3082
212,3275
213,3021
214,2410
215,762
216,194
217,2
218,255
219,866
220,1718
221,2514
222,3100
223,3274
224,3021
225,2374
226,1558
227,176
228,2
229,276
230,902
231,1759
232,2548
233,3100
234,3271
235,3000
236,2338
237,1517
238,728
239,158
240,299
241,938
242,1759
243,2581
244,3118
245,3268
246,2977
247,2302
248,1477
249,695
250,141
251,8
252,974
253,1839
254,2613
255,3135
256,3264
257,2953
258,2264
259,1437
260,631
261,125
262,12
263,347
264,1012
265,2645
266,3166
267,3258
268,2904
269,2228
270,1398
271,599
272,110
273,24
274,372
275,1086
276,1918
277,3180
278,3244
279,2878
280,2190
281,1319
282,568
283,83
284,32
285,424
286,1124
287,1997
288,2738
289,3205
290,2824
291,2113
292,1240
293,509
294,60
295,49
296,452
297,1201
298,2036
299,2796
300,3216
301,3216
302,2036
303,1201
304,452
305,49
306,71
307,509
308,1279
309,2113
310,2852
311,3236
312,3193
313,2738
314,1957
315,398
316,32
317,96
318,568
319,1358
320,2190
321,2904
322,3252
323,3166
324,2677
325,1878
326,1048
327,18
328,125
329,663
330,1437
331,2302
332,2953
333,3268
334,3135
335,2581
336,1799
337,938
338,299
339,5
340,728
341,1517
342,2374
343,3000
344,3274
345,3082
346,2514
347,1678
348,866
349,233
350,1
351,213
352,1638
353,2445
354,3063
355,3275
356,3043
357,2410
358,1598
359,762
360,194
361,2
362,255
363,902
364,1759
365,3118
366,3271
367,2977
368,2338
369,1477
370,663
371,141
372,12
373,323
374,1012
375,1839
376,2645
377,3258
378,2904
379,2228
380,1358
381,599
382,96
383,32
384,398
385,1124
386,1957
387,2738
388,3205
389,3236
390,2113
391,1240
392,480
393,60
394,60
395,480
396,1240
397,2113
398,2824
399,3236
400,3205
401,2738
402,1124
403,398
404,32
405,96
406,599
407,1358
408,2228
409,2929
410,3258
411,3151
412,2645
413,1839
414,974
415,8
416,158
417,695
418,1517
419,2338
420,3000
421,3274
422,3100
423,2514
424,1678
425,866
426,233
427,213
428,831
429,1638
430,2480
431,3082
432,3275
433,3021
434,2374
435,1558
436,728
437,158
438,5
439,299
440,1799
441,2613
442,3135
443,3264
444,2929
445,2264
446,1398
447,599
448,110
449,24
450,398
451,1086
452,2738
453,3193
454,3236
455,2824
456,2113
457,1240
458,480
459,49
460,60
461,509
462,1279
463,2113
464,2852
465,3193
466,2708
467,1918
468,1086
469,372
470,18
471,110
472,631
473,1437
474,2302
475,2953
476,3268
477,2581
478,1759
479,902
480,276
481,2
482,194
483,796
484,1598
485,2445
486,3063
487,3276
488,3043
489,2410
490,762
491,176
492,5
493,276
494,938
495,1799
496,2613
497,3135
498,3264
499,2929
500,2264
501,1398
502,96
503,24
504,398
505,1124
506,1997
507,2738
508,3205
509,3227
510,2796
511,2075
512,1201
513,452
514,49
515,538
516,1319
517,2152
518,2878
519,3252
520,3166
521,2677
522,1878
523,1012
524,323
525,8
526,141
527,1517
528,2374
529,3000
530,3274
531,3082
532,2480
533,1678
534,831
535,213
536,1
537,233
538,866
539,1718
540,3118
541,3271
542,2977
543,2302
544,1437
545,663
546,125
547,18
548,372
549,1086
550,1918
551,2708
552,3236
553,2824
554,2113
555,1240
556,480
557,49
558,71
559,509
560,1279
561,2152
562,2878
563,3252
564,3180
565,1878
566,1012
567,323
568,12
569,141
570,695
571,1517
572,2374
573,3000
574,3274
575,3082
576,2480
577,796
578,213
579,1
580,255
581,902
582,1759
583,2548
584,3118
585,3268
586,2953
587,2264
588,1398
589,631
590,24
591,398
592,1124
593,1997
594,2767
595,3205
596,3227
597,2796
598,2036
599,1163
600,424
601,40
602,568
603,1358
604,2228
605,2929
606,3264
607,3151
608,2613
609,1799
610,938
611,276
612,2
613,194
614,762
615,2445
616,3063
617,3275
618,3021
619,2374
620,1517
621,728
622,158
623,8
624,323
625,1012
626,1878
627,3180
628,3252
629,2878
630,2152
631,1279
632,509
633,60
634,60
635,509
636,1279
637,2113
638,2852
639,3244
640,2677
641,1878
642,1012
643,323
644,8
645,141
646,695
647,1517
648,2374
649,3021
650,3275
651,3063
652,1598
653,762
654,176
655,5
656,276
657,938
658,1799
659,2613
660,3151
661,3258
662,2904
663,2190
664,1319
665,71
666,49
667,480
668,1201
669,2075
670,2824
671,3236
672,3193
673,2708
674,1918
675,1048
676,347
677,141
678,695
679,1517
680,2374
681,3021
682,3275
683,3082
684,2480
685,1638
686,796
687,194
688,2
689,276
690,1799
691,2613
692,3151
693,3258
694,2904
695,2190
696,1319
697,538
698,71
699,49
700,480
701,1240
702,2852
703,3244
704,3180
705,2677
706,1878
707,1012
708,323
709,8
710,141
711,695
712,1517
713,2374
714,3021
715,3063
716,2445
717,1598
718,762
719,176
720,5
721,299
722,974
723,1839
724,2645
725,3166
726,3252
727,2152
728,1279
729,509
730,60
731,60
732,509
733,1279
734,2152
735,2878
736,3252
737,3166
738,2645
739,1839
740,299
741,2
742,194
743,796
744,1638
745,2480
746,3082
747,3274
748,3000
749,2338
750,1477
751,663
752,18
753,372
754,1086
755,1957
756,2738
757,3205
758,3227
759,2796
760,2036
761,1163
762,424
763,32
764,96
765,1398
766,2264
767,2977
768,3271
769,3100
770,2514
771,1678
772,831
773,213
774,1
775,255
776,902
777,2581
778,3135
779,3264
780,2929
781,2228
782,1358
783,538
784,71
785,49
786,480
787,1240
788,2113
789,2852
790,3180
791,2677
792,1878
793,1012
794,323
795,5
796,176
797,762
798,1598
799,2445
800,3063
801,3275
802,2374
803,1517
804,695
805,125
806,18
807,372
808,1086
809,1957
810,2738
811,3205
812,3227
813,2796
814,2036
815,398
816,24
817,110
818,631
819,1437
820,2302
821,2977
822,3271
823,3082
824,2480
825,1638
826,796
827,2
828,276
829,938
830,1839
831,2645
832,3166
833,3252
834,2878
835,2152
836,1279
837,480
838,49
839,71
840,1319
841,2190
842,2904
843,3258
844,3135
845,2581
846,1759
847,902
848,255
849,1
850,233
851,866
852,2548
853,3118
854,3268
855,2953
856,2228
857,1358
858,568
859,83
860,40
861,452
862,1240
863,2113
864,2852
865,3180
866,2677
867,1839
868,974
869,299
870,5
871,176
872,762
873,1638
874,2480
875,3082
876,3274
877,2302
878,1437
879,631
880,110
881,24
882,398
883,1163
884,2036
885,2796
886,3227
887,3205
888,2708
889,1918
890,347
891,12
892,158
893,728
894,1558
895,2410
896,3043
897,3275
898,3021
899,2374
900,1517
901,663
902,18
903,372
904,1086
905,1997
906,2767
907,3216
908,3216
909,2767
910,1957
911,1086
912,372
913,18
914,141
915,1517
916,2374
917,3043
918,3276
919,3043
920,2410
921,1558
922,695
923,141
924,12
925,347
926,1086
927,2738
928,3205
929,3216
930,2767
931,1997
932,1124
933,372
934,18
935,125
936,663
937,1517
938,2374
939,3021
940,3043
941,2410
942,1558
943,728
944,141
945,12
946,347
947,1086
948,1957
949,2738
950,3205
951,3216
952,1997
953,1124
954,372
955,18
956,125
957,695
958,1517
959,2374
960,3021
961,3276
962,3043
963,2410
964,1517
965,141
966,12
967,372
968,1086
969,1957
970,2767
971,3216
972,3216
973,2738
974,1957
975,1086
976,372
977,141
978,695
979,1558
980,2410
981,3043
982,3275
983,3021
984,2374
985,1477
986,663
987,125
988,18
989,398
990,1997
991,2796
992,3227
993,3205
994,2708
995,1918
996,1048
997,323
998,8
999,158
1000,762
1001,1598
1002,3082
1003,3274
1004,3000
1005,2302
1006,1437
1007,631
1008,96
1009,32
1010,424
1011,1201
1012,2075
1013,2824
1014,3244
1015,2677
1016,1839
1017,974
1018,276
1019,2
1020,194
1021,831
1022,1678
1023,2514
1024,3118
1025,3268
1026,2953
1027,1358
1028,538
1029,71
1030,49
1031,509
1032,1279
1033,2152
1034,2904
1035,3258
1036,3135
1037,2581
1038,1759
1039,866
1040,0
1041,255
1042,902
1043,1799
1044,2613
1045,3151
1046,3252
1047,2878
1048,2152
1049,1240
1050,480
1051,40
1052,568
1053,1398
1054,2264
1055,2977
1056,3271
1057,3100
1058,2480
1059,1638
1060,762
1061,176
1062,5
1063,323
1064,1012
1065,2708
1066,3205
1067,3227
1068,2796
1069,1997
1070,1124
1071,372
1072,18
1073,125
1074,695
1075,1517
1076,2410
1077,3275
1078,3021
1079,2374
1080,1477
1081,663
1082,110
1083,24
1084,424
1085,1163
1086,2036
1087,2824
1088,3236
1089,3180
1090,1839
1091,974
1092,276
1093,2
1094,194
1095,831
1096,1678
1097,2548
1098,3118
1099,3264
1100,2929
1101,2190
1102,538
1103,60
1104,60
1105,538
1106,1319
1107,2228
1108,2929
1109,3268
1110,3118
1111,2514
1112,1678
1113,796
1114,194
1115,299
1116,974
1117,1878
1118,2677
1119,3193
1120,3236
1121,2796
1122,2036
1123,1124
1124,398
1125,18
1126,125
1127,1517
1128,2410
1129,3043
1130,3275
1131,3021
1132,2338
1133,1477
1134,631
1135,110
1136,32
1137,424
1138,1201
1139,2075
1140,3244
1141,3166
1142,2645
1143,1799
1144,938
1145,255
1146,1
1147,233
1148,866
1149,1759
1150,2581
1151,3151
1152,2878
1153,2152
1154,1240
1155,480
1156,40
1157,83
1158,599
1159,1398
1160,2302
1161,2977
1162,3274
1163,3063
1164,2445
1165,728
1166,141
1167,12
1168,372
1169,1086
1170,1997
1171,2767
1172,3227
1173,3205
1174,2708
1175,1878
1176,1012
1177,5
1178,194
1179,796
1180,1678
1181,2514
1182,3118
1183,3268
1184,2929
1185,2190
1186,1319
1187,509
1188,60
1189,71
1190,1358
1191,2264
1192,2953
1193,3271
1194,3100
1195,2480
1196,1638
1197,762
1198,176
1199,8
1200,347
1201,1048
1202,2738
1203,3216
1204,3205
1205,2738
1206,1918
1207,1048
1208,323
1209,8
1210,176
1211,796
1212,1638
1213,2514
1214,3100
1215,2929
1216,2228
1217,1319
1218,538
1219,60
1220,71
1221,538
1222,1358
1223,2228
1224,2953
1225,3271
1226,3100
1227,1638
1228,762
1229,158
1230,8
1231,347
1232,1048
1233,1957
1234,2767
1235,3216
1236,3205
1237,2708
1238,1918
1239,1012
1240,5
1241,194
1242,796
1243,1678
1244,2514
1245,3118
1246,3264
1247,2929
1248,2190
1249,1279
1250,509
1251,49
1252,568
1253,1398
1254,2264
1255,2977
1256,3274
1257,3082
1258,2445
1259,1558
1260,728
1261,141
1262,18
1263,372
1264,1124
1265,2796
1266,3236
1267,3180
1268,2677
1269,1839
1270,938
1271,276
1272,1
1273,233
1274,866
1275,1759
1276,2613
1277,3252
1278,2852
1279,2113
1280,1201
1281,424
1282,32
1283,110
1284,663
1285,1477
1286,2374
1287,3043
1288,3276
1289,3021
1290,1477
1291,631
1292,96
1293,32
1294,452
1295,1240
1296,2113
1297,2878
1298,3258
1299,3135
1300,2581
1301,1718
1302,213
1303,2
1304,299
1305,974
1306,1878
1307,2708
1308,3205
1309,3227
1310,2767
1311,1957
1312,1086
1313,347
1314,8
1315,762
1316,1638
1317,2514
1318,3100
1319,3268
1320,2929
1321,2228
1322,1319
1323,509
1324,49
1325,71
1326,568
1327,2302
1328,2977
1329,3274
1330,3063
1331,2445
1332,1558
1333,695
1334,125
1335,18
1336,398
1337,1163
1338,2075
1339,2824
1340,3166
1341,2613
1342,1799
1343,902
1344,233
1345,1
1346,255
1347,938
1348,1839
1349,2677
1350,3180
1351,3236
1352,1997
1353,1124
1354,372
1355,12
1356,158
1357,728
1358,1598
1359,2480
1360,3100
1361,3268
1362,2953
1363,2228
1364,1319
1365,60
1366,71
1367,568
1368,1398
1369,2302
1370,2977
1371,3274
1372,3063
1373,2410
1374,1558
1375,695
1376,125
1377,424
1378,1163
1379,2075
1380,2852
1381,3252
1382,3151
1383,2613
1384,1759
1385,866
1386,213
1387,2
1388,276
1389,974
1390,2708
1391,3205
1392,3227
1393,2767
1394,1957
1395,1048
1396,323
1397,8
1398,176
1399,796
1400,1678
1401,2548
1402,3264
1403,2904
1404,2152
1405,1240
1406,452
1407,40
1408,96
1409,631
1410,1477
1411,2374
1412,3043
1413,3276
1414,3021
1415,1437
1416,599
1417,83
1418,40
1419,480
1420,1279
1421,2190
1422,2929
1423,3268
1424,3118
1425,2514
1426,1638
1427,158
1428,12
1429,372
1430,1086
1431,1997
1432,2796
1433,3236
1434,3180
1435,2645
1436,1799
1437,938
1438,255
1439,0
1440,938
1441,1839
1442,2677
1443,3180
1444,3236
1445,2796
1446,1997
1447,1086
1448,347
1449,8
1450,176
1451,762
1452,2514
1453,3118
1454,3264
1455,2904
1456,2152
1457,1240
1458,480
1459,40
1460,96
1461,631
1462,1477
1463,2374
1464,3043
1465,3000
1466,2302
1467,1437
1468,599
1469,83
1470,49
1471,509
1472,1319
1473,2228
1474,2953
1475,3271
1476,3082
1477,1598
1478,728
1479,141
1480,18
1481,398
1482,1163
1483,2075
1484,2852
1485,3252
1486,3151
1487,2581
1488,1759
1489,866
1490,2
1491,299
1492,1012
1493,1918
1494,2738
1495,3216
1496,3205
1497,2708
1498,1878
1499,974
1500,276
1501,2
1502,866
1503,1759
1504,2613
1505,3166
1506,3244
1507,2824
1508,2036
1509,1124
1510,372
1511,12
1512,158
1513,762
1514,1638
1515,3118
1516,3264
1517,2904
1518,2152
1519,1279
1520,480
1521,40
1522,96
1523,631
1524,1477
1525,2374
1526,3043
1527,3000
1528,2302
1529,1398
1530,568
1531,71
1532,60
1533,538
1534,1358
1535,2264
1536,2977
1537,3274
1538,3063
1539,2410
1540,663
1541,110
1542,32
1543,452
1544,1240
1545,2152
1546,2904
1547,3264
1548,3118
1549,2514
1550,1638
1551,762
1552,12
1553,372
1554,1124
1555,2036
1556,2824
1557,3244
1558,3166
1559,2613
1560,1759
1561,866
1562,213
1563,2
1564,299
1565,1918
1566,2738
1567,3216
1568,3205
1569,2708
1570,1878
1571,974
1572,276
1573,1
1574,233
1575,902
1576,1799
1577,3180
1578,3236
1579,2796
1580,1997
1581,1086
1582,347
1583,8
1584,176
1585,831
1586,1718
1587,2581
1588,3151
1589,3252
1590,2075
1591,1163
1592,398
1593,18
1594,141
1595,728
1596,1598
1597,2480
1598,3100
1599,3268
1600,2929
1601,2190
1602,480
1603,32
1604,110
1605,663
1606,1517
1607,2410
1608,3063
1609,3274
1610,2977
1611,2264
1612,1358
1613,538
1614,60
1615,568
1616,1437
1617,2338
1618,3021
1619,3276
1620,3021
1621,2338
1622,1437
1623,599
1624,83
1625,49
1626,509
1627,2264
1628,2977
1629,3274
1630,3063
1631,2410
1632,1517
1633,663
1634,110
1635,32
1636,452
1637,1279
1638,2190
1639,2929
1640,3100
1641,2480
1642,1598
1643,728
1644,141
1645,24
1646,424
1647,1201
1648,2113
1649,2878
1650,3258
1651,3135
1652,1678
1653,762
1654,158
1655,12
1656,372
1657,1124
1658,2036
1659,2824
1660,3244
1661,3151
1662,2581
1663,1718
1664,831
1665,5
1666,323
1667,1086
1668,1997
1669,2796
1670,3236
1671,3180
1672,2645
1673,1799
1674,866
1675,213
1676,2
1677,1012
1678,1918
1679,2738
1680,3227
1681,3193
1682,2677
1683,1839
1684,938
1685,255
1686,1
1687,276
1688,974
1689,1878
1690,3205
1691,3205
1692,2708
1693,1878
1694,974
1695,276
1696,1
1697,255
1698,938
1699,1839
1700,2677
1701,3193
1702,2738
1703,1918
1704,1012
1705,299
1706,2
1707,233
1708,902
1709,1799
1710,2645
1711,3180
1712,3227
1713,2767
1714,1957
1715,323
1716,2
1717,213
1718,866
1719,1759
1720,2613
1721,3180
1722,3236
1723,2796
1724,1997
1725,1086
1726,323
1727,194
1728,831
1729,1718
1730,2613
1731,3166
1732,3244
1733,2824
1734,1997
1735,1086
1736,347
1737,8
1738,176
1739,831
1740,2581
1741,3151
1742,3244
1743,2824
1744,2036
1745,1124
1746,347
1747,8
1748,176
1749,796
1750,1678
1751,2581
1752,3252
1753,2852
1754,2036
1755,1124
1756,372
1757,12
1758,176
1759,796
1760,1678
1761,2548
1762,3151
1763,3252
1764,2852
1765,1124
1766,372
1767,12
1768,158
1769,796
1770,1678
1771,2548
1772,3151
1773,3252
1774,2852
1775,2075
1776,1124
1777,12
1778,158
1779,796
1780,1678
1781,2548
1782,3151
1783,3252
1784,2852
1785,2075
1786,1124
1787,372
1788,12
1789,176
1790,1678
1791,2548
1792,3151
1793,3252
1794,2852
1795,2036
1796,1124
1797,372
1798,12
1799,176
1800,796
1801,1678
1802,3151
1803,3252
1804,2824
1805,2036
1806,1124
1807,372
1808,8
1809,176
1810,796
1811,1718
1812,2581
1813,3151
1814,3244
1815,2036
1816,1086
1817,347
1818,8
1819,194
1820,831
1821,1718
1822,2613
1823,3166
1824,3244
1825,2796
1826,1997
1827,323
1828,5
1829,194
1830,866
1831,1759
1832,2613
1833,3180
1834,3236
1835,2796
1836,1957
1837,1048
1838,323
1839,2
1840,866
1841,1799
1842,2645
1843,3180
1844,3227
1845,2767
1846,1957
1847,1012
1848,299
1849,1
1850,233
1851,902
1852,2677
1853,3193
1854,3216
1855,2738
1856,1918
1857,974
1858,276
1859,0
1860,255
1861,938
1862,1878
1863,2708
1864,3205
1865,2708
1866,1839
1867,938
1868,255
1869,1
1870,276
1871,974
1872,1918
1873,2738
1874,3227
1875,3193
1876,2677
1877,902
1878,213
1879,2
1880,299
1881,1048
1882,1957
1883,2796
1884,3236
1885,3180
1886,2613
1887,1759
1888,831
1889,194
1890,347
1891,1086
1892,2036
1893,2824
1894,3244
1895,3151
1896,2581
1897,1678
1898,796
1899,158
1900,12
1901,372
1902,2075
1903,2878
1904,3258
1905,3118
1906,2514
1907,1638
1908,728
1909,141
1910,24
1911,424
1912,1240
1913,2152
1914,2904
1915,3100
1916,2445
1917,1558
1918,663
1919,110
1920,40
1921,480
1922,1279
1923,2228
1924,2953
1925,3274
1926,3063
1927,1477
1928,599
1929,83
1930,60
1931,538
1932,1358
1933,2302
1934,3000
1935,3276
1936,3021
1937,2302
1938,1398
1939,538
1940,83
1941,599
1942,1477
1943,2374
1944,3063
1945,3274
1946,2977
1947,2228
1948,1319
1949,480
1950,40
1951,110
1952,1558
1953,2445
1954,3100
1955,3268
1956,2904
1957,2152
1958,1201
1959,424
1960,18
1961,141
1962,762
1963,1638
1964,2548
1965,3252
1966,2852
1967,2036
1968,1124
1969,347
1970,8
1971,194
1972,831
1973,1759
1974,2613
1975,3180
1976,3236
1977,1957
1978,1012
1979,299
1980,1
1981,233
1982,938
1983,1839
1984,2708
1985,3216
1986,3205
1987,2677
1988,1839
1989,902
1990,2
1991,299
1992,1048
1993,1957
1994,2796
1995,3236
1996,3166
1997,2613
1998,1718
1999,831
2000,176
2001,12
2002,1163
2003,2075
2004,2878
2005,3258
2006,3118
2007,2514
2008,1598
2009,695
2010,125
2011,32
2012,452
2013,1279
2014,2190
2015,3271
2016,3063
2017,2374
2018,1477
2019,599
2020,83
2021,60
2022,538
2023,1398
2024,2338
2025,3021
2026,3275
2027,2264
2028,1358
2029,509
2030,40
2031,96
2032,663
2033,1517
2034,2445
2035,3082
2036,3268
2037,2904
2038,2152
2039,1201
2040,18
2041,158
2042,762
2043,1678
2044,2548
2045,3151
2046,3244
2047,2824
2048,1997
2049,1086
2050,323
2051,2
2052,902
2053,1799
2054,2677
2055,3205
2056,3216
2057,2708
2058,1878
2059,938
2060,233
2061,1
2062,299
2063,1012
2064,1957
2065,3236
2066,3166
2067,2581
2068,1718
2069,796
2070,176
2071,12
2072,398
2073,1163
2074,2113
2075,2904
2076,3264
2077,2445
2078,1558
2079,663
2080,110
2081,40
2082,509
2083,1319
2084,2264
2085,3000
2086,3275
2087,3021
2088,2302
2089,1398
2090,49
2091,83
2092,631
2093,1517
2094,2410
2095,3082
2096,3271
2097,2929
2098,2152
2099,1240
2100,424
2101,18
2102,762
2103,1678
2104,2548
2105,3151
2106,3244
2107,2824
2108,1997
2109,1048
2110,323
2111,2
2112,233
2113,938
2114,1839
2115,3216
2116,3205
2117,2677
2118,1799
2119,902
2120,213
2121,5
2122,323
2123,1086
2124,2036
2125,2824
2126,3252
2127,2514
2128,1638
2129,728
2130,125
2131,24
2132,452
2133,1279
2134,2190
2135,2953
2136,3274
2137,3043
2138,2374
2139,1437
2140,71
2141,71
2142,599
2143,1477
2144,2374
2145,3063
2146,3271
2147,2953
2148,2190
2149,1240
2150,424
2151,24
2152,762
2153,1638
2154,2548
2155,3151
2156,3244
2157,2824
2158,1997
2159,1048
2160,299
2161,2
2162,233
2163,938
2164,1878
2165,3216
2166,3193
2167,2645
2168,1799
2169,866
2170,194
2171,8
2172,347
2173,1124
2174,2075
2175,2878
2176,3258
2177,2480
2178,1558
2179,695
2180,110
2181,40
2182,509
2183,1319
2184,2264
2185,3000
2186,3276
2187,3021
2188,2302
2189,1358
2190,40
2191,96
2192,663
2193,1558
2194,2480
2195,3100
2196,3264
2197,2878
2198,2075
2199,1124
2200,372
2201,8
2202,866
2203,1759
2204,2645
2205,3193
2206,3216
2207,2708
2208,1878
2209,938
2210,233
2211,2
2212,323
2213,1048
2214,1997
2215,3252
2216,3135
2217,2548
2218,1638
2219,728
2220,125
2221,32
2222,452
2223,1279
2224,2228
2225,2977
2226,3275
2227,2338
2228,1398
2229,538
2230,49
2231,96
2232,631
2233,1517
2234,2445
2235,3100
2236,3264
2237,2878
2238,2113
2239,1163
2240,8
2241,194
2242,866
2243,1759
2244,2645
2245,3193
2246,3216
2247,2708
2248,1839
2249,938
2250,233
2251,2
2252,1086
2253,2036
2254,2852
2255,3252
2256,3135
2257,2514
2258,1598
2259,695
2260,110
2261,32
2262,480
2263,1319
2264,2264
2265,3276
2266,3000
2267,2264
2268,1358
2269,509
2270,40
2271,110
2272,695
2273,1598
2274,2514
2275,3118
2276,3258
2277,2036
2278,1086
2279,323
2280,2
2281,233
2282,938
2283,1839
2284,2708
2285,3216
2286,3193
2287,2645
2288,1759
2289,831
2290,12
2291,372
2292,1163
2293,2113
2294,2904
2295,3268
2296,3082
2297,2410
2298,1477
2299,599
2300,71
2301,60
2302,1437
2303,2374
2304,3063
2305,3271
2306,2929
2307,2152
2308,1201
2309,398
2310,12
2311,158
2312,796
2313,1718
2314,2613
2315,3227
2316,2738
2317,1878
2318,938
2319,233
2320,2
2321,323
2322,1086
2323,1997
2324,2824
2325,3252
2326,3135
2327,1598
2328,695
2329,110
2330,40
2331,509
2332,1358
2333,2302
2334,3021
2335,3275
2336,2977
2337,2228
2338,1279
2339,452
2340,125
2341,728
2342,1638
2343,2548
2344,3151
2345,3244
2346,2796
2347,1957
2348,1012
2349,276
2350,0
2351,276
2352,1957
2353,2796
2354,3244
2355,3151
2356,2548
2357,1638
2358,728
2359,125
2360,32
2361,480
2362,1319
2363,2264
2364,3000
2365,3000
2366,2264
2367,1319
2368,480
2369,32
2370,125
2371,728
2372,1638
2373,2548
2374,3151
2375,3244
2376,2796
2377,1012
2378,276
2379,0
2380,276
2381,1012
2382,1957
2383,2796
2384,3244
2385,3151
2386,2548
2387,1638
2388,728
2389,125
2390,480
2391,1319
2392,2264
2393,3000
2394,3276
2395,3000
2396,2264
2397,1319
2398,480
2399,32
2400,125
2401,728
2402,2548
2403,3151
2404,3244
2405,2796
2406,1957
2407,1012
2408,276
2409,0
2410,276
2411,1012
2412,1957
2413,2796
2414,3244
2415,2548
2416,1638
2417,695
2418,110
2419,40
2420,509
2421,1358
2422,2302
2423,3021
2424,3275
2425,2977
2426,2228
2427,452
2428,24
2429,141
2430,762
2431,1678
2432,2581
2433,3166
2434,3227
2435,2738
2436,1878
2437,938
2438,233
2439,2
2440,1086
2441,2036
2442,2852
2443,3258
2444,3118
2445,2480
2446,1517
2447,631
2448,83
2449,60
2450,568
2451,1437
2452,3063
2453,3271
2454,2929
2455,2152
2456,1201
2457,372
2458,8
2459,194
2460,866
2461,1799
2462,2677
2463,3205
2464,3205
2465,1799
2466,831
2467,176
2468,12
2469,398
2470,1201
2471,2152
2472,2929
2473,3271
2474,3063
2475,2338
2476,1398
2477,49
2478,96
2479,663
2480,1558
2481,2480
2482,3135
2483,3252
2484,2824
2485,1997
2486,1048
2487,299
2488,1
2489,255
2490,1957
2491,2796
2492,3244
2493,3151
2494,2548
2495,1638
2496,695
2497,110
2498,40
2499,509
2500,1358
2501,2302
2502,3274
2503,2953
2504,2190
2505,1240
2506,424
2507,18
2508,176
2509,831
2510,1759
2511,2645
2512,3193
2513,3216
2514,2708
2515,866
2516,194
2517,8
2518,372
2519,1163
2520,2152
2521,2929
2522,3271
2523,3063
2524,2374
2525,1398
2526,538
2527,96
2528,663
2529,1558
2530,2514
2531,3135
2532,3252
2533,2824
2534,1997
2535,1012
2536,276
2537,0
2538,276
2539,1012
2540,2824
2541,3252
2542,3135
2543,2514
2544,1558
2545,663
2546,96
2547,49
2548,538
2549,1437
2550,2374
2551,3063
2552,2929
2553,2113
2554,1163
2555,372
2556,8
2557,194
2558,902
2559,1839
2560,2708
2561,3216
2562,3180
2563,2613
2564,1718
2565,158
2566,24
2567,452
2568,1279
2569,2228
2570,3000
2571,3276
2572,3000
2573,2264
2574,1279
2575,452
2576,24
2577,762
2578,1718
2579,2613
2580,3180
2581,3227
2582,2708
2583,1839
2584,902
2585,213
2586,8
2587,372
2588,1163
2589,2113
2590,3271
2591,3063
2592,2374
2593,1398
2594,538
2595,49
2596,110
2597,695
2598,1598
2599,2514
2600,3151
2601,3244
2602,1957
2603,974
2604,255
2605,1
2606,299
2607,1086
2608,2036
2609,2852
2610,3264
2611,3100
2612,2445
2613,1517
2614,599
2615,71
2616,631
2617,1517
2618,2445
2619,3100
2620,3258
2621,2852
2622,2036
2623,1048
2624,299
2625,1
2626,276
2627,1957
2628,2796
2629,3252
2630,3135
2631,2514
2632,1558
2633,663
2634,96
2635,60
2636,568
2637,1437
2638,2410
2639,3082
2640,2904
2641,2075
2642,1124
2643,347
2644,2
2645,233
2646,938
2647,1918
2648,2767
2649,3236
2650,3151
2651,2548
2652,695
2653,110
2654,40
2655,538
2656,1398
2657,2338
2658,3063
2659,3271
2660,2929
2661,2113
2662,1163
2663,372
2664,5
2665,902
2666,1878
2667,2738
2668,3227
2669,3166
2670,2581
2671,1638
2672,728
2673,125
2674,40
2675,509
2676,1358
2677,3043
2678,3274
2679,2929
2680,2152
2681,1163
2682,372
2683,8
2684,213
2685,902
2686,1839
2687,2738
2688,3227
2689,3180
2690,1678
2691,728
2692,125
2693,32
2694,509
2695,1358
2696,2338
2697,3043
2698,3274
2699,2929
2700,2152
2701,1201
2702,8
2703,213
2704,902
2705,1839
2706,2738
2707,3227
2708,3166
2709,2581
2710,1678
2711,728
2712,125
2713,40
2714,509
2715,2338
2716,3043
2717,3271
2718,2929
2719,2152
2720,1163
2721,372
2722,5
2723,213
2724,938
2725,1878
2726,2738
2727,3166
2728,2548
2729,1638
2730,695
2731,110
2732,40
2733,538
2734,1398
2735,2374
2736,3063
2737,3268
2738,2904
2739,2113
2740,347
2741,2
2742,233
2743,974
2744,1918
2745,2767
2746,3244
2747,3151
2748,2514
2749,1598
2750,663
2751,96
2752,568
2753,1477
2754,2410
2755,3082
2756,3264
2757,2878
2758,2036
2759,1086
2760,299
2761,1
2762,276
2763,1012
2764,1997
2765,3258
2766,3118
2767,2480
2768,1517
2769,631
2770,71
2771,71
2772,631
2773,1517
2774,2480
2775,3118
2776,3252
2777,1957
2778,1012
2779,255
2780,1
2781,323
2782,1086
2783,2075
2784,2878
2785,3268
2786,3082
2787,2374
2788,1437
2789,538
2790,110
2791,695
2792,1638
2793,2548
2794,3166
2795,3236
2796,2738
2797,1878
2798,902
2799,213
2800,8
2801,372
2802,2152
2803,2953
2804,3274
2805,3021
2806,2302
2807,1319
2808,480
2809,24
2810,141
2811,796
2812,1718
2813,2645
2814,3193
2815,2677
2816,1759
2817,796
2818,158
2819,24
2820,452
2821,1319
2822,2264
2823,3021
2824,3275
2825,2953
2826,2190
2827,398
2828,8
2829,213
2830,902
2831,1878
2832,2738
2833,3236
2834,3166
2835,2548
2836,1638
2837,695
2838,110
2839,49
2840,1437
2841,2410
2842,3082
2843,3264
2844,2878
2845,2036
2846,1048
2847,299
2848,0
2849,276
2850,1048
2851,1997
2852,3264
2853,3100
2854,2410
2855,1477
2856,568
2857,60
2858,96
2859,695
2860,1598
2861,2548
2862,3151
2863,3236
2864,2767
2865,902
2866,213
2867,8
2868,372
2869,1201
2870,2190
2871,2953
2872,3275
2873,3021
2874,2264
2875,1279
2876,452
2877,158
2878,831
2879,1799
2880,2677
2881,3216
2882,3193
2883,2613
2884,1678
2885,762
2886,125
2887,40
2888,509
2889,1398
2890,3063
2891,3268
2892,2904
2893,2075
2894,1124
2895,323
2896,1
2897,255
2898,1012
2899,1997
2900,2824
2901,3258
2902,2445
2903,1477
2904,599
2905,60
2906,96
2907,663
2908,1598
2909,2548
2910,3151
2911,3236
2912,2738
2913,1878
2914,902
2915,8
2916,398
2917,1201
2918,2190
2919,2977
2920,3275
2921,3000
2922,2228
2923,1279
2924,424
2925,12
2926,176
2927,1839
2928,2708
2929,3227
2930,3166
2931,2581
2932,1638
2933,695
2934,110
2935,49
2936,568
2937,1437
2938,2410
2939,3100
2940,2852
2941,1997
2942,1048
2943,276
2944,1
2945,323
2946,1086
2947,2075
2948,2904
2949,3268
2950,3063
2951,2338
2952,509
2953,32
2954,125
2955,762
2956,1718
2957,2645
2958,3193
2959,3205
2960,2645
2961,1759
2962,796
2963,141
2964,24
2965,1358
2966,2338
2967,3043
2968,3271
2969,2904
2970,2113
2971,1124
2972,323
2973,1
2974,255
2975,1012
2976,1997
2977,3258
2978,3100
2979,2410
2980,1477
2981,568
2982,49
2983,110
2984,695
2985,1638
2986,2581
2987,3180
2988,3227
2989,2708
2990,866
2991,176
2992,18
2993,452
2994,1279
2995,2264
2996,3021
2997,3274
2998,2953
2999,2152
3000,1163
3001,347
3002,233
3003,974
3004,1957
3005,2796
3006,3252
3007,3118
3008,2445
3009,1517
3010,599
3011,60
3012,96
3013,695
3014,1598
3015,3166
3016,3227
3017,2738
3018,1839
3019,866
3020,176
3021,18
3022,424
3023,1279
3024,2264
3025,3021
3026,3275
3027,2152
3028,1163
3029,347
3030,5
3031,233
3032,974
3033,1957
3034,2824
3035,3252
3036,3118
3037,2445
3038,1477
3039,599
3040,96
3041,695
3042,1638
3043,2581
3044,3166
3045,3227
3046,2708
3047,1799
3048,831
3049,176
3050,18
3051,452
3052,2302
3053,3021
3054,3274
3055,2929
3056,2113
3057,1124
3058,323
3059,2
3060,255
3061,1012
3062,1997
3063,2852
3064,3258
3065,2410
3066,1437
3067,538
3068,40
3069,110
3070,728
3071,1678
3072,2613
3073,3193
3074,3205
3075,2645
3076,1759
3077,141
3078,32
3079,509
3080,1398
3081,2338
3082,3063
3083,3268
3084,2878
3085,2036
3086,1048
3087,276
3088,0
3089,299
3090,2075
3091,2904
3092,3271
3093,3043
3094,2338
3095,1358
3096,480
3097,24
3098,158
3099,831
3100,1799
3101,2708
3102,3180
3103,2581
3104,1638
3105,695
3106,96
3107,60
3108,599
3109,1477
3110,2445
3111,3118
3112,3252
3113,2796
3114,1918
3115,213
3116,8
3117,372
3118,1201
3119,2190
3120,2977
3121,3276
3122,2977
3123,2190
3124,1201
3125,372
3126,5
3127,938
3128,1918
3129,2796
3130,3252
3131,3118
3132,2445
3133,1477
3134,568
3135,49
3136,110
3137,695
3138,1638
3139,2581
3140,3216
3141,2677
3142,1759
3143,796
3144,141
3145,32
3146,509
3147,1398
3148,2374
3149,3082
3150,3268
3151,2878
3152,1048
3153,276
3154,1
3155,323
3156,1124
3157,2113
3158,2929
3159,3274
3160,3021
3161,2264
3162,1279
3163,424
3164,12
3165,866
3166,1839
3167,2738
3168,3236
3169,3151
3170,2514
3171,1558
3172,631
3173,71
3174,83
3175,663
3176,1598
3177,3166
3178,3227
3179,2708
3180,1799
3181,831
3182,158
3183,24
3184,480
3185,1358
3186,2338
3187,3063
3188,3268
3189,2878
3190,1048
3191,276
3192,1
3193,323
3194,1124
3195,2113
3196,2929
3197,3274
3198,3043
3199,2302
3200,1319
3201,452
3202,176
3203,866
3204,1839
3205,2738
3206,3236
3207,3151
3208,2514
3209,1558
3210,631
3211,71
3212,83
3213,695
3214,1638
3215,3180
3216,3216
3217,2677
3218,1759
3219,796
3220,141
3221,32
3222,509
3223,1398
3224,2374
3225,3082
3226,3264
3227,1997
3228,1012
3229,255
3230,2
3231,347
3232,1163
3233,2152
3234,2953
3235,3275
3236,3000
3237,2228
3238,1240
3239,398
3240,213
3241,938
3242,1918
3243,2796
3244,3252
3245,3100
3246,2410
3247,1437
3248,538
3249,40
3250,125
3251,762
3252,2645
3253,3205
3254,3193
3255,2613
3256,1678
3257,728
3258,110
3259,49
3260,568
3261,1517
3262,2480
3263,3135
3264,3244
3265,1878
3266,902
3267,194
3268,12
3269,424
3270,1279
3271,2264
3272,3021
3273,3274
3274,2904
3275,2075
3276,1086
3277,0
3278,299
3279,1086
3280,2075
3281,2904
3282,3271
3283,3043
3284,2264
3285,1279
3286,424
3287,12
3288,194
3289,902
3290,2767
3291,3244
3292,3135
3293,2445
3294,1477
3295,568
3296,49
3297,110
3298,728
3299,1678
3300,2613
3301,3193
3302,2613
3303,1678
3304,728
3305,110
3306,49
3307,568
3308,1477
3309,2480
3310,3135
3311,3244
3312,2767
3313,1878
3314,902
3315,12
3316,452
3317,1319
3318,2302
3319,3043
3320,3271
3321,2904
3322,2075
3323,1048
3324,276
3325,1
3326,323
3327,2113
3328,2929
3329,3275
3330,3000
3331,2228
3332,1240
3333,398
3334,8
3335,233
3336,974
3337,1957
3338,2824
3339,3258
3340,2410
3341,1398
3342,509
3343,32
3344,141
3345,796
3346,1799
3347,2708
3348,3227
3349,3166
3350,2548
3351,1598
3352,71
3353,83
3354,663
3355,1598
3356,2548
3357,3180
3358,3216
3359,2677
3360,1759
3361,796
3362,125
3363,40
3364,538
3365,2410
3366,3118
3367,3252
3368,2796
3369,1918
3370,938
3371,194
3372,12
3373,424
3374,1279
3375,2264
3376,3043
3377,2904
3378,2075
3379,1086
3380,276
3381,1
3382,323
3383,1124
3384,2113
3385,2953
3386,3275
3387,3000
3388,2228
3389,1201
3390,5
3391,233
3392,974
3393,1997
3394,2852
3395,3264
3396,3082
3397,2338
3398,1358
3399,480
3400,24
3401,176
3402,1839
3403,2738
3404,3236
3405,3135
3406,2480
3407,1517
3408,599
3409,49
3410,110
3411,728
3412,1678
3413,2645
3414,3205
3415,2613
3416,1638
3417,695
3418,96
3419,71
3420,631
3421,1558
3422,2514
3423,3166
3424,3227
3425,2708
3426,1799
3427,141
3428,32
3429,509
3430,1437
3431,2410
3432,3100
3433,3252
3434,2796
3435,1918
3436,938
3437,194
3438,12
3439,424
3440,2302
3441,3043
3442,3271
3443,2878
3444,2036
3445,1048
3446,276
3447,2
3448,347
3449,1163
3450,2190
3451,2977
3452,2953
3453,2152
3454,1163
3455,347
3456,1
3457,276
3458,1048
3459,2075
3460,2904
3461,3271
3462,3021
3463,2264
3464,1279
3465,8
3466,213
3467,974
3468,1957
3469,2824
3470,3258
3471,3082
3472,2374
3473,1398
3474,480
3475,24
3476,158
3477,1839
3478,2738
3479,3244
3480,3135
3481,2480
3482,1477
3483,568
3484,49
3485,125
3486,762
3487,1718
3488,2677
3489,3216
3490,2548
3491,1598
3492,663
3493,71
3494,83
3495,695
3496,1638
3497,2581
3498,3193
3499,3205
3500,2645
3501,1678
3502,110
3503,60
3504,599
3505,1517
3506,2514
3507,3151
3508,3227
3509,2708
3510,1799
3511,796
3512,141
3513,32
3514,538
3515,2445
3516,3118
3517,3252
3518,2767
3519,1878
3520,902
3521,176
3522,18
3523,480
3524,1358
3525,2338
3526,3082
3527,2824
3528,1957
3529,974
3530,213
3531,8
3532,398
3533,1279
3534,2264
3535,3043
3536,3271
3537,2904
3538,2036
3539,1048
3540,2
3541,372
3542,1201
3543,2190
3544,3000
3545,3275
3546,2929
3547,2113
3548,1124
3549,299
3550,0
3551,323
3552,2113
3553,2953
3554,3275
3555,2977
3556,2190
3557,1163
3558,347
3559,2
3560,276
3561,1048
3562,2075
3563,2904
3564,3274
3565,2264
3566,1240
3567,398
3568,5
3569,233
3570,1012
3571,1997
3572,2878
3573,3268
3574,3063
3575,2302
3576,1319
3577,12
3578,213
3579,938
3580,1957
3581,2824
3582,3264
3583,3082
3584,2374
3585,1358
3586,480
3587,18
3588,176
3589,902
3590,2796
3591,3252
3592,3100
3593,2410
3594,1398
3595,509
3596,32
3597,158
3598,831
3599,1839
3600,2738
3601,3244
3602,2445
3603,1477
3604,538
3605,40
3606,141
3607,796
3608,1799
3609,2708
3610,3236
3611,3151
3612,2480
3613,1517
3614,568
3615,125
3616,762
3617,1759
3618,2677
3619,3227
3620,3166
3621,2514
3622,1558
3623,599
3624,60
3625,110
3626,728
3627,2645
3628,3216
3629,3180
3630,2548
3631,1598
3632,631
3633,71
3634,96
3635,695
3636,1678
3637,2613
3638,3205
3639,3193
3640,1638
3641,663
3642,71
3643,83
3644,695
3645,1638
3646,2613
3647,3193
3648,3193
3649,2613
3650,1638
3651,695
3652,71
3653,663
3654,1638
3655,2581
3656,3193
3657,3205
3658,2613
3659,1678
3660,695
3661,96
3662,71
3663,631
3664,1598
3665,3180
3666,3205
3667,2645
3668,1678
3669,728
3670,96
3671,71
3672,631
3673,1598
3674,2548
3675,3180
3676,3216
3677,1718
3678,728
3679,96
3680,60
3681,631
3682,1558
3683,2548
3684,3180
3685,3216
3686,2645
3687,1718
3688,728
3689,110
3690,631
3691,1558
3692,2548
3693,3166
3694,3216
3695,2645
3696,1718
3697,728
3698,110
3699,60
3700,631
3701,1558
3702,3166
3703,3216
3704,2645
3705,1718
3706,728
3707,110
3708,60
3709,631
3710,1558
3711,2548
3712,3166
3713,3216
3714,2645
3715,728
3716,110
3717,60
3718,631
3719,1558
3720,2548
3721,3180
3722,3216
3723,2645
3724,1718
3725,728
3726,96
3727,631
3728,1598
3729,2548
3730,3180
3731,3205
3732,2645
3733,1678
3734,728
3735,96
3736,71
3737,631
3738,1598
3739,2581
3740,3205
3741,2613
3742,1678
3743,695
3744,83
3745,71
3746,663
3747,1638
3748,2581
3749,3193
3750,3205
3751,2613
3752,695
3753,83
3754,83
3755,663
3756,1638
3757,2613
3758,3193
3759,3193
3760,2581
3761,1638
3762,663
3763,71
3764,96
3765,1678
3766,2645
3767,3205
3768,3180
3769,2548
3770,1598
3771,631
3772,60
3773,96
3774,728
3775,1718
3776,2645
3777,3166
3778,2548
3779,1558
3780,599
3781,49
3782,110
3783,762
3784,1759
3785,2677
3786,3227
3787,3151
3788,2514
3789,1517
3790,40
3791,125
3792,796
3793,1799
3794,2708
3795,3236
3796,3135
3797,2445
3798,1477
3799,538
3800,32
3801,141
3802,1839
3803,2767
3804,3244
3805,3118
3806,2410
3807,1398
3808,509
3809,24
3810,176
3811,866
3812,1878
3813,2796
3814,3258
3815,2374
3816,1358
3817,452
3818,18
3819,194
3820,938
3821,1957
3822,2824
3823,3264
3824,3063
3825,2302
3826,1319
3827,8
3828,233
3829,974
3830,1997
3831,2878
3832,3271
3833,3043
3834,2264
3835,1240
3836,372
3837,5
3838,255
3839,1048
3840,2904
3841,3274
3842,3000
3843,2190
3844,1163
3845,347
3846,1
3847,299
3848,1124
3849,2113
3850,2953
3851,3276
3852,2113
3853,1124
3854,299
3855,1
3856,347
3857,1201
3858,2190
3859,3000
3860,3274
3861,2904
3862,2075
3863,1048
3864,255
3865,398
3866,1240
3867,2264
3868,3043
3869,3268
3870,2852
3871,1997
3872,974
3873,213
3874,12
3875,452
3876,1358
3877,3082
3878,3258
3879,2796
3880,1878
3881,902
3882,176
3883,24
3884,509
3885,1437
3886,2445
3887,3118
3888,3244
3889,2738
3890,796
3891,141
3892,40
3893,568
3894,1517
3895,2514
3896,3166
3897,3227
3898,2677
3899,1718
3900,728
3901,96
3902,663
3903,1598
3904,2581
3905,3193
3906,3193
3907,2581
3908,1598
3909,663
3910,71
3911,96
3912,728
3913,1718
3914,2677
3915,3166
3916,2514
3917,1517
3918,568
3919,40
3920,141
3921,831
3922,1839
3923,2738
3924,3244
3925,3118
3926,2410
3927,480
3928,18
3929,176
3930,902
3931,1918
3932,2824
3933,3264
3934,3063
3935,2302
3936,1279
3937,398
3938,8
3939,233
3940,2036
3941,2904
3942,3274
3943,3000
3944,2190
3945,1163
3946,347
3947,1
3948,299
3949,1124
3950,2152
3951,2977
3952,2929
3953,2075
3954,1048
3955,276
3956,2
3957,372
3958,1240
3959,2264
3960,3043
3961,3268
3962,2852
3963,1957
3964,938
3965,18
3966,452
3967,1358
3968,2374
3969,3100
3970,3252
3971,2767
3972,1839
3973,831
3974,141
3975,40
3976,568
3977,2514
3978,3166
3979,3227
3980,2677
3981,1718
3982,728
3983,96
3984,71
3985,663
3986,1638
3987,2613
3988,3205
3989,3180
3990,1558
3991,599
3992,49
3993,125
3994,796
3995,1799
3996,2708
3997,3236
3998,3135
3999,2445
4000,1437
4001,509
4002,176
4003,902
4004,1918
4005,2824
4006,3264
4007,3063
4008,2302
4009,1279
4010,398
4011,5
4012,255
4013,1048
4014,2075
4015,3275
4016,2977
4017,2152
4018,1124
4019,299
4020,1
4021,347
4022,1201
4023,2228
4024,3021
4025,3271
4026,2878
4027,974
4028,213
4029,12
4030,452
4031,1358
4032,2374
4033,3100
4034,3252
4035,2767
4036,1839
4037,831
4038,141
4039,40
4040,1517
4041,2514
4042,3166
4043,3216
4044,2645
4045,1678
4046,695
4047,83
4048,83
4049,695
4050,1678
4051,2645
4052,3166
4053,2514
4054,1517
4055,568
4056,40
4057,141
4058,831
4059,1839
4060,2767
4061,3252
4062,3100
4063,2374
4064,1358
4065,12
4066,213
4067,1012
4068,2036
4069,2904
4070,3274
4071,3000
4072,2190
4073,1163
4074,323
4075,0
4076,323
4077,2190
4078,3000
4079,3274
4080,2904
4081,2036
4082,1012
4083,233
4084,8
4085,452
4086,1358
4087,2374
4088,3100
4089,3252
4090,1839
4091,831
4092,141
4093,40
4094,568
4095,1517
4096,2514
4097,3166
4098,3205
4099,2613
4100,1638
4101,663
4102,96
4103,728
4104,1718
4105,2677
4106,3227
4107,3151
4108,2445
4109,1437
4110,509
4111,24
4112,176
4113,902
4114,1918
4115,3264
4116,3063
4117,2264
4118,1240
4119,372
4120,2
4121,276
4122,1086
4123,2113
4124,2953
4125,3276
4126,2953
4127,1048
4128,255
4129,5
4130,398
4131,1279
4132,2302
4133,3063
4134,3258
4135,2796
4136,1878
4137,866
4138,158
4139,32
4140,1477
4141,2514
4142,3166
4143,3216
4144,2645
4145,1678
4146,695
4147,83
4148,96
4149,728
4150,1718
4151,2677
4152,3151
4153,2480
4154,1437
4155,509
4156,24
4157,176
4158,902
4159,1918
4160,2824
4161,3268
4162,3043
4163,2264
4164,1240
4165,2
4166,299
4167,1124
4168,2152
4169,2977
4170,3275
4171,2929
4172,2036
4173,1012
4174,233
4175,8
4176,424
4177,2374
4178,3100
4179,3252
4180,2767
4181,1839
4182,796
4183,125
4184,49
4185,599
4186,1558
4187,2548
4188,3193
4189,3193
4190,1598
4191,631
4192,49
4193,125
4194,796
4195,1799
4196,2738
4197,3252
4198,3100
4199,2374
4200,1358
4201,452
4202,233
4203,1012
4204,2036
4205,2904
4206,3275
4207,2977
4208,2152
4209,1124
4210,276
4211,2
4212,372
4213,1240
4214,2264
4215,3264
4216,2824
4217,1918
4218,902
4219,158
4220,32
4221,538
4222,1477
4223,2514
4224,3166
4225,3216
4226,2645
4227,663
4228,71
4229,96
4230,762
4231,1759
4232,2708
4233,3236
4234,3118
4235,2410
4236,1398
4237,480
4238,18
4239,213
4240,1997
4241,2904
4242,3274
4243,3000
4244,2190
4245,1124
4246,299
4247,1
4248,347
4249,1240
4250,2264
4251,3043
4252,2824
4253,1918
4254,902
4255,176
4256,32
4257,538
4258,1477
4259,2514
4260,3166
4261,3216
4262,2645
4263,1638
4264,663
4265,96
4266,762
4267,1759
4268,2708
4269,3244
4270,3118
4271,2410
4272,1398
4273,452
4274,12
4275,213
4276,1012
4277,2904
4278,3275
4279,2977
4280,2152
4281,1124
4282,276
4283,2
4284,372
4285,1279
4286,2302
4287,3063
4288,3258
4289,2796
4290,831
4291,141
4292,40
4293,568
4294,1558
4295,2548
4296,3180
4297,3193
4298,2581
4299,1598
4300,599
4301,49
4302,831
4303,1839
4304,2767
4305,3258
4306,3082
4307,2338
4308,1279
4309,398
4310,5
4311,276
4312,1086
4313,2113
4314,2977
4315,2929
4316,2036
4317,1012
4318,233
4319,12
4320,452
4321,1358
4322,2410
4323,3118
4324,3236
4325,2708
4326,1759
4327,96
4328,71
4329,695
4330,1678
4331,2645
4332,3227
4333,3151
4334,2445
4335,1437
4336,509
4337,18
4338,194
4339,938
4340,2878
4341,3271
4342,3000
4343,2190
4344,1124
4345,299
4346,1
4347,372
4348,1240
4349,2302
4350,3063
4351,3264
4352,1878
4353,866
4354,141
4355,40
4356,599
4357,1558
4358,2548
4359,3193
4360,3193
4361,2548
4362,1558
4363,599
4364,40
4365,866
4366,1878
4367,2796
4368,3264
4369,3063
4370,2264
4371,1240
4372,372
4373,1
4374,299
4375,1163
4376,2190
4377,3271
4378,2878
4379,1957
4380,938
4381,176
4382,24
4383,509
4384,1477
4385,2480
4386,3166
4387,3216
4388,2613
4389,1638
4390,60
4391,110
4392,796
4393,1799
4394,2767
4395,3252
4396,3082
4397,2338
4398,1319
4399,398
4400,5
4401,276
4402,2152
4403,2977
4404,3274
4405,2904
4406,2036
4407,974
4408,213
4409,18
4410,480
4411,1437
4412,2445
4413,3151
4414,3227
4415,1678
4416,663
4417,71
4418,96
4419,762
4420,1759
4421,2738
4422,3244
4423,3100
4424,2374
4425,1319
4426,424
4427,255
4428,1086
4429,2113
4430,2977
4431,3275
4432,2904
4433,2036
4434,974
4435,213
4436,18
4437,480
4438,1437
4439,2445
4440,3227
4441,2645
4442,1678
4443,663
4444,71
4445,110
4446,762
4447,1799
4448,2738
4449,3252
4450,3100
4451,2338
4452,398
4453,5
4454,276
4455,1086
4456,2152
4457,2977
4458,3274
4459,2904
4460,1997
4461,974
4462,194
4463,18
4464,509
4465,2480
4466,3151
4467,3216
4468,2645
4469,1638
4470,663
4471,60
4472,110
4473,796
4474,1839
4475,2767
4476,3258
4477,2302
4478,1279
4479,372
4480,2
4481,299
4482,1124
4483,2190
4484,3021
4485,3271
4486,2852
4487,1957
4488,902
4489,176
4490,538
4491,1517
4492,2514
4493,3180
4494,3193
4495,2581
4496,1558
4497,599
4498,40
4499,141
4500,866
4501,1918
4502,3268
4503,3043
4504,2228
4505,1201
4506,323
4507,1
4508,347
4509,1240
4510,2264
4511,3063
4512,3264
4513,2796
4514,1839
4515,125
4516,49
4517,631
4518,1638
4519,2613
4520,3216
4521,3166
4522,2480
4523,1437
4524,509
4525,18
4526,194
4527,1997
4528,2904
4529,3275
4530,2977
4531,2113
4532,1048
4533,255
4534,8
4535,424
4536,1358
4537,2410
4538,3118
4539,3236
4540,1718
4541,695
4542,83
4543,96
4544,728
4545,1759
4546,2738
4547,3244
4548,3100
4549,2338
4550,1319
4551,398
4552,276
4553,1124
4554,2152
4555,3000
4556,3271
4557,2878
4558,1957
4559,902
4560,176
4561,32
4562,538
4563,1517
4564,2548
4565,3193
4566,2548
4567,1558
4568,568
4569,32
4570,158
4571,902
4572,1957
4573,2852
4574,3271
4575,3000
4576,2190
4577,276
4578,2
4579,398
4580,1319
4581,2338
4582,3100
4583,3244
4584,2738
4585,1759
4586,728
4587,96
4588,83
4589,728
4590,2708
4591,3244
4592,3118
4593,2374
4594,1319
4595,424
4596,5
4597,276
4598,1086
4599,2152
4600,3000
4601,3274
4602,1957
4603,938
4604,176
4605,32
4606,568
4607,1517
4608,2548
4609,3193
4610,3193
4611,2548
4612,1517
4613,568
4614,32
4615,938
4616,1957
4617,2878
4618,3274
4619,3000
4620,2152
4621,1086
4622,255
4623,5
4624,424
4625,1358
4626,2374
4627,3236
4628,2677
4629,1718
4630,695
4631,71
4632,96
4633,762
4634,1799
4635,2767
4636,3252
4637,3082
4638,2302
4639,1240
4640,1
4641,323
4642,1201
4643,2228
4644,3043
4645,3264
4646,2824
4647,1878
4648,831
4649,125
4650,49
4651,631
4652,2645
4653,3216
4654,3151
4655,2445
4656,1398
4657,452
4658,12
4659,233
4660,1048
4661,2113
4662,2953
4663,3275
4664,2904
4665,974
4666,194
4667,24
4668,538
4669,1477
4670,2514
4671,3180
4672,3193
4673,2548
4674,1558
4675,568
4676,32
4677,902
4678,1957
4679,2878
4680,3274
4681,2977
4682,2152
4683,1086
4684,255
4685,8
4686,452
4687,1358
4688,2410
4689,3135
4690,2677
4691,1678
4692,663
4693,60
4694,125
4695,796
4696,1839
4697,2796
4698,3264
4699,3043
4700,2228
4701,1201
4702,1
4703,372
4704,1279
4705,2302
4706,3082
4707,3252
4708,2738
4709,1759
4710,762
4711,96
4712,83
4713,728
4714,1759
4715,3244
4716,3100
4717,2338
4718,1279
4719,372
4720,1
4721,299
4722,1163
4723,2228
4724,3043
4725,3264
4726,2796
4727,831
4728,125
4729,60
4730,663
4731,1678
4732,2645
4733,3227
4734,3135
4735,2410
4736,1358
4737,424
4738,5
4739,255
4740,2152
4741,3000
4742,3271
4743,2852
4744,1918
4745,902
4746,158
4747,40
4748,599
4749,1598
4750,2613
4751,3216
4752,2480
4753,1437
4754,480
4755,12
4756,233
4757,1048
4758,2113
4759,2977
4760,3275
4761,2904
4762,1997
4763,938
4764,176
4765,568
4766,1558
4767,2581
4768,3193
4769,3180
4770,2514
4771,1477
4772,509
4773,18
4774,213
4775,1012
4776,2075
4777,3276
4778,2929
4779,2036
4780,974
4781,194
4782,24
4783,538
4784,1517
4785,2548
4786,3193
4787,3193
4788,2548
4789,1517
4790,24
4791,194
4792,974
4793,2036
4794,2929
4795,3276
4796,2929
4797,2036
4798,974
4799,213
4800,18
4801,509
4802,2514
4803,3180
4804,3193
4805,2548
4806,1517
4807,538
4808,24
4809,194
4810,974
4811,2036
4812,2929
4813,3275
4814,2953
4815,1012
4816,213
4817,18
4818,509
4819,1477
4820,2514
4821,3180
4822,3193
4823,2548
4824,1517
4825,538
4826,24
4827,974
4828,2036
4829,2929
4830,3276
4831,2929
4832,2036
4833,974
4834,194
4835,24
4836,509
4837,1477
4838,2514
4839,3180
4840,2548
4841,1517
4842,538
4843,24
4844,194
4845,974
4846,2036
4847,2929
4848,3276
4849,2929
4850,2036
4851,974
4852,24
4853,538
4854,1517
4855,2548
4856,3193
4857,3180
4858,2514
4859,1477
4860,509
4861,18
4862,213
4863,1012
4864,2075
4865,3275
4866,2904
4867,1997
4868,938
4869,176
4870,32
4871,568
4872,1558
4873,2581
4874,3205
4875,3166
4876,2480
4877,480
4878,12
4879,233
4880,1048
4881,2152
4882,3000
4883,3271
4884,2852
4885,1918
4886,866
4887,141
4888,49
4889,631
4890,2645
4891,3227
4892,3135
4893,2410
4894,1358
4895,424
4896,5
4897,276
4898,1124
4899,2190
4900,3021
4901,3268
4902,1878
4903,796
4904,110
4905,71
4906,695
4907,1718
4908,2708
4909,3244
4910,3100
4911,2338
4912,1279
4913,372
4914,1
4915,1201
4916,2264
4917,3063
4918,3252
4919,2738
4920,1759
4921,728
4922,83
4923,96
4924,762
4925,1799
4926,2767
4927,3063
4928,2264
4929,1201
4930,299
4931,2
4932,398
4933,1319
4934,2374
4935,3118
4936,3236
4937,2677
4938,1678
4939,663
4940,141
4941,866
4942,1918
4943,2852
4944,3271
4945,3000
4946,2152
4947,1086
4948,255
4949,12
4950,480
4951,1437
4952,3166
4953,3205
4954,2581
4955,1558
4956,568
4957,24
4958,194
4959,974
4960,2036
4961,2929
4962,3276
4963,2929
4964,2036
4965,176
4966,32
4967,568
4968,1558
4969,2581
4970,3205
4971,3151
4972,2445
4973,1398
4974,452
4975,8
4976,255
4977,2152
4978,3021
4979,3268
4980,2824
4981,1878
4982,831
4983,125
4984,71
4985,695
4986,1718
4987,2708
4988,3244
4989,3100
4990,1240
4991,347
4992,0
4993,347
4994,1240
4995,2302
4996,3100
4997,3244
4998,2708
4999,1718
5000,695
5001,71
5002,831
5003,1878
5004,2824
5005,3268
5006,3000
5007,2152
5008,1086
5009,255
5010,8
5011,452
5012,1437
5013,2480
5014,3166
5015,2581
5016,1517
5017,538
5018,24
5019,194
5020,974
5021,2075
5022,2953
5023,3275
5024,2904
5025,1997
5026,902
5027,40
5028,599
5029,1598
5030,2645
5031,3227
5032,3135
5033,2410
5034,1358
5035,398
5036,2
5037,299
5038,1163
5039,2228
5040,3258
5041,2767
5042,1799
5043,728
5044,83
5045,96
5046,762
5047,1799
5048,2796
5049,3264
5050,3043
5051,2228
5052,276
5053,5
5054,424
5055,1398
5056,2445
5057,3151
5058,3216
5059,2581
5060,1558
5061,568
5062,32
5063,194
5064,974
5065,2929
5066,3275
5067,2904
5068,1997
5069,938
5070,158
5071,40
5072,599
5073,1598
5074,2645
5075,3227
5076,3135
5077,1319
5078,398
5079,2
5080,299
5081,1201
5082,2264
5083,3063
5084,3252
5085,2738
5086,1759
5087,728
5088,71
5089,110
5090,1839
5091,2824
5092,3268
5093,3021
5094,2152
5095,1086
5096,255
5097,8
5098,480
5099,1437
5100,2480
5101,3180
5102,2548
5103,1477
5104,509
5105,18
5106,213
5107,1048
5108,2113
5109,2977
5110,3271
5111,2852
5112,1918
5113,831
5114,125
5115,663
5116,1718
5117,2708
5118,3244
5119,3082
5120,2302
5121,1240
5122,323
5123,1
5124,372
5125,1319
5126,2374
5127,3227
5128,2645
5129,1638
5130,599
5131,40
5132,158
5133,938
5134,1997
5135,2904
5136,3276
5137,2929
5138,2036
5139,938
5140,32
5141,599
5142,1598
5143,2613
5144,3227
5145,3135
5146,2410
5147,1319
5148,398
5149,2
5150,323
5151,1201
5152,3082
5153,3252
5154,2708
5155,1718
5156,695
5157,60
5158,125
5159,831
5160,1918
5161,2852
5162,3271
5163,2977
5164,2113
5165,213
5166,18
5167,538
5168,1517
5169,2548
5170,3205
5171,3166
5172,2445
5173,1398
5174,452
5175,5
5176,276
5177,2228
5178,3043
5179,3258
5180,2767
5181,1799
5182,728
5183,83
5184,110
5185,796
5186,1839
5187,2824
5188,3268
5189,3000
5190,1086
5191,233
5192,12
5193,509
5194,1477
5195,2514
5196,3193
5197,3180
5198,2480
5199,1437
5200,480
5201,8
5202,1124
5203,2190
5204,3043
5205,3264
5206,2796
5207,1799
5208,762
5209,83
5210,96
5211,762
5212,1839
5213,2796
5214,3268
5215,2152
5216,1086
5217,233
5218,12
5219,480
5220,1477
5221,2514
5222,3193
5223,3180
5224,2480
5225,1437
5226,480
5227,255
5228,1124
5229,2190
5230,3043
5231,3264
5232,2767
5233,1799
5234,728
5235,83
5236,96
5237,796
5238,1839
5239,2824
5240,3000
5241,2152
5242,1048
5243,233
5244,18
5245,509
5246,1517
5247,2548
5248,3193
5249,3166
5250,2480
5251,1398
5252,5
5253,276
5254,1163
5255,2228
5256,3063
5257,3258
5258,2738
5259,1759
5260,695
5261,71
5262,125
5263,831
5264,1918
5265,3274
5266,2977
5267,2075
5268,1012
5269,194
5270,24
5271,568
5272,1558
5273,2613
5274,3216
5275,3135
5276,2410
5277,398
5278,1
5279,323
5280,1240
5281,2302
5282,3100
5283,3244
5284,2677
5285,1678
5286,631
5287,49
5288,158
5289,902
5290,2904
5291,3276
5292,2929
5293,1997
5294,938
5295,158
5296,49
5297,631
5298,1678
5299,2677
5300,3244
5301,3100
5302,1240
5303,323
5304,1
5305,398
5306,1319
5307,2410
5308,3135
5309,3216
5310,2581
5311,1558
5312,538
5313,24
5314,213
5315,2113
5316,2977
5317,3271
5318,2824
5319,1878
5320,796
5321,110
5322,83
5323,728
5324,1799
5325,2767
5326,3264
5327,2190
5328,1086
5329,255
5330,12
5331,480
5332,1477
5333,2548
5334,3193
5335,3166
5336,2480
5337,1398
5338,452
5339,5
5340,1163
5341,2264
5342,3063
5343,3252
5344,2708
5345,1718
5346,663
5347,60
5348,141
5349,902
5350,1957
5351,2904
5352,2929
5353,1997
5354,938
5355,158
5356,40
5357,631
5358,1678
5359,2677
5360,3244
5361,3100
5362,2302
5363,1201
5364,323
5365,398
5366,1358
5367,2445
5368,3151
5369,3205
5370,2581
5371,1517
5372,509
5373,18
5374,233
5375,1086
5376,2152
5377,3268
5378,2796
5379,1799
5380,762
5381,83
5382,110
5383,796
5384,1878
5385,2852
5386,3271
5387,2977
5388,2113
5389,1012
5390,24
5391,568
5392,1598
5393,2613
5394,3227
5395,3118
5396,2374
5397,1279
5398,347
5399,0
5400,372
5401,1319
5402,3135
5403,3216
5404,2613
5405,1558
5406,538
5407,24
5408,213
5409,1012
5410,2113
5411,3000
5412,3268
5413,2824
5414,1839
5415,96
5416,96
5417,796
5418,1839
5419,2824
5420,3271
5421,3000
5422,2113
5423,1012
5424,213
5425,24
5426,568
5427,2613
5428,3227
5429,3135
5430,2374
5431,1279
5432,347
5433,0
5434,372
5435,1319
5436,2374
5437,3135
5438,3216
5439,2613
5440,538
5441,18
5442,213
5443,1048
5444,2152
5445,3000
5446,3268
5447,2796
5448,1839
5449,762
5450,83
5451,110
5452,1878
5453,2852
5454,3274
5455,2977
5456,2075
5457,974
5458,194
5459,32
5460,599
5461,1638
5462,2645
5463,3236
5464,3100
5465,1240
5466,323
5467,2
5468,398
5469,1358
5470,2445
5471,3166
5472,3205
5473,2548
5474,1477
5475,480
5476,12
5477,1124
5478,2228
5479,3043
5480,3258
5481,2738
5482,1718
5483,695
5484,60
5485,141
5486,902
5487,1957
5488,2904
5489,3276
5490,1997
5491,902
5492,141
5493,60
5494,695
5495,1718
5496,2738
5497,3258
5498,3043
5499,2228
5500,1124
5501,255
5502,509
5503,1477
5504,2548
5505,3205
5506,3151
5507,2445
5508,1358
5509,398
5510,1
5511,347
5512,1240
5513,2338
5514,3118
5515,2613
5516,1598
5517,568
5518,24
5519,213
5520,1048
5521,2113
5522,3000
5523,3268
5524,2796
5525,1799
5526,762
5527,110
5528,831
5529,1918
5530,2852
5531,3274
5532,2953
5533,2036
5534,938
5535,158
5536,40
5537,631
5538,1678
5539,2708
5540,3082
5541,2264
5542,1163
5543,276
5544,8
5545,480
5546,1437
5547,2514
5548,3193
5549,3166
5550,2445
5551,1358
5552,2
5553,323
5554,1240
5555,2338
5556,3118
5557,3236
5558,2645
5559,1598
5560,568
5561,24
5562,213
5563,1048
5564,2113
5565,3268
5566,2796
5567,1799
5568,728
5569,71
5570,110
5571,831
5572,1918
5573,2878
5574,3275
5575,2929
5576,1997
5577,158
5578,49
5579,663
5580,1718
5581,2738
5582,3258
5583,3043
5584,2228
5585,1124
5586,255
5587,12
5588,509
5589,1517
5590,3216
5591,3135
5592,2410
5593,1319
5594,372
5595,0
5596,372
5597,1319
5598,2410
5599,3151
5600,3205
5601,2581
5602,509
5603,12
5604,255
5605,1124
5606,2228
5607,3063
5608,3252
5609,2708
5610,1678
5611,663
5612,49
5613,158
5614,938
5615,2953
5616,3274
5617,2852
5618,1878
5619,796
5620,96
5621,96
5622,762
5623,1839
5624,2824
5625,3271
5626,2977
5627,974
5628,176
5629,40
5630,631
5631,1678
5632,2708
5633,3252
5634,3063
5635,2264
5636,1163
5637,276
5638,8
5639,480
5640,2548
5641,3205
5642,3151
5643,2410
5644,1319
5645,372
5646,0
5647,372
5648,1319
5649,2410
5650,3151
5651,3205
5652,1477
5653,480
5654,12
5655,255
5656,1124
5657,2228
5658,3063
5659,3252
5660,2708
5661,1678
5662,631
5663,40
5664,176
5665,2075
5666,2977
5667,3271
5668,2824
5669,1839
5670,762
5671,83
5672,110
5673,831
5674,1918
5675,2878
5676,3275
5677,1997
5678,902
5679,141
5680,60
5681,695
5682,1759
5683,2767
5684,3264
5685,3021
5686,2152
5687,1048
5688,213
5689,24
5690,1598
5691,2645
5692,3236
5693,3100
5694,2302
5695,1201
5696,299
5697,5
5698,452
5699,1437
5700,2514
5701,3193
5702,2445
5703,1358
5704,398
5705,1
5706,347
5707,1279
5708,2374
5709,3135
5710,3216
5711,2581
5712,1517
5713,509
5714,12
5715,1163
5716,2264
5717,3082
5718,3244
5719,2677
5720,1638
5721,599
5722,32
5723,194
5724,1012
5725,2113
5726,3000
5727,2796
5728,1799
5729,728
5730,71
5731,125
5732,866
5733,1957
5734,2904
5735,3275
5736,2878
5737,1918
5738,831
5739,110
5740,762
5741,1839
5742,2824
5743,3271
5744,2977
5745,2075
5746,974
5747,176
5748,40
5749,663
5750,1718
5751,2738
5752,3043
5753,2190
5754,1086
5755,233
5756,18
5757,538
5758,1558
5759,2613
5760,3236
5761,3100
5762,2302
5763,1201
5764,299
5765,452
5766,1437
5767,2514
5768,3193
5769,3151
5770,2410
5771,1319
5772,372
5773,0
5774,372
5775,1319
5776,2410
5777,3193
5778,2514
5779,1437
5780,452
5781,5
5782,299
5783,1201
5784,2302
5785,3100
5786,3227
5787,2613
5788,1558
5789,538
5790,233
5791,1086
5792,2190
5793,3063
5794,3252
5795,2708
5796,1678
5797,631
5798,40
5799,176
5800,1012
5801,2113
5802,3268
5803,2796
5804,1799
5805,728
5806,60
5807,141
5808,902
5809,1997
5810,2929
5811,3275
5812,2878
5813,1878
5814,796
5815,96
5816,796
5817,1878
5818,2878
5819,3275
5820,2929
5821,1997
5822,902
5823,141
5824,71
5825,728
5826,1799
5827,3268
5828,3000
5829,2075
5830,974
5831,176
5832,40
5833,631
5834,1678
5835,2738
5836,3258
5837,3043
5838,2190
5839,1086
5840,24
5841,568
5842,1598
5843,2645
5844,3244
5845,3082
5846,2264
5847,1163
5848,276
5849,8
5850,509
5851,1517
5852,3216
5853,3118
5854,2338
5855,1240
5856,323
5857,2
5858,452
5859,1437
5860,2514
5861,3193
5862,3166
5863,2410
5864,1319
5865,0
5866,372
5867,1358
5868,2445
5869,3166
5870,3193
5871,2480
5872,1398
5873,424
5874,2
5875,323
5876,1279
5877,3135
5878,3216
5879,2548
5880,1477
5881,480
5882,8
5883,299
5884,1201
5885,2302
5886,3100
5887,3227
5888,2613
5889,1558
5890,12
5891,255
5892,1124
5893,2228
5894,3082
5895,3244
5896,2677
5897,1638
5898,568
5899,24
5900,213
5901,1048
5902,3043
5903,3258
5904,2738
5905,1678
5906,631
5907,40
5908,194
5909,1012
5910,2113
5911,3000
5912,3264
5913,2767
5914,1759
5915,49
5916,158
5917,938
5918,2075
5919,2977
5920,3271
5921,2824
5922,1799
5923,728
5924,71
5925,141
5926,902
5927,2929
5928,3274
5929,2852
5930,1878
5931,762
5932,83
5933,110
5934,866
5935,1957
5936,2904
5937,3276
5938,2878
5939,1918
5940,96
5941,96
5942,796
5943,1918
5944,2878
5945,3275
5946,2904
5947,1957
5948,866
5949,125
5950,83
5951,762
5952,2852
5953,3274
5954,2953
5955,1997
5956,902
5957,141
5958,71
5959,728
5960,1799
5961,2824
5962,3271
5963,2977
5964,2036
5965,158
5966,60
5967,695
5968,1759
5969,2796
5970,3268
5971,3000
5972,2075
5973,974
5974,158
5975,49
5976,663
5977,2767
5978,3264
5979,3000
5980,2113
5981,1012
5982,176
5983,40
5984,631
5985,1718
5986,2738
5987,3264
5988,3021
5989,2152
5990,194
5991,32
5992,631
5993,1678
5994,2708
5995,3258
5996,3043
5997,2152
5998,1048
5999,213
6000,32
6001,599
6002,2708
6003,3252
6004,3043
6005,2190
6006,1086
6007,213
6008,24
6009,599
6010,1638
6011,2677
6012,3252
6013,3063
6014,2190
6015,233
6016,24
6017,568
6018,1638
6019,2677
6020,3244
6021,3063
6022,2228
6023,1086
6024,233
6025,18
6026,568
6027,2677
6028,3244
6029,3063
6030,2228
6031,1124
6032,233
6033,18
6034,568
6035,1598
6036,2645
6037,3244
6038,3082
6039,2228
6040,233
6041,18
6042,538
6043,1598
6044,2645
6045,3244
6046,3082
6047,2228
6048,1124
6049,233
6050,18
6051,538
6052,2645
6053,3244
6054,3082
6055,2228
6056,1124
6057,233
6058,18
6059,538
6060,1598
6061,2645
6062,3244
6063,3082
6064,2228
6065,233
6066,18
6067,568
6068,1598
6069,2677
6070,3244
6071,3082
6072,2228
6073,1124
6074,233
6075,18
6076,568
6077,2677
6078,3244
6079,3063
6080,2228
6081,1086
6082,233
6083,24
6084,568
6085,1638
6086,2677
6087,3252
6088,3063
6089,2190
6090,233
6091,24
6092,568
6093,1638
6094,2677
6095,3252
6096,3063
6097,2190
6098,1086
6099,213
6100,24
6101,599
6102,2708
6103,3252
6104,3043
6105,2190
6106,1048
6107,194
6108,32
6109,631
6110,1678
6111,2738
6112,3258
6113,3021
6114,2152
6115,194
6116,40
6117,631
6118,1718
6119,2738
6120,3264
6121,3021
6122,2113
6123,1012
6124,176
6125,40
6126,663
6127,2767
6128,3268
6129,3000
6130,2075
6131,974
6132,158
6133,49
6134,695
6135,1759
6136,2796
6137,3268
6138,2977
6139,2036
6140,141
6141,60
6142,728
6143,1799
6144,2824
6145,3271
6146,2953
6147,1997
6148,902
6149,125
6150,71
6151,762
6152,2852
6153,3274
6154,2929
6155,1957
6156,866
6157,110
6158,83
6159,796
6160,1878
6161,2878
6162,3276
6163,2904
6164,1918
6165,96
6166,110
6167,831
6168,1957
6169,2904
6170,3275
6171,2878
6172,1878
6173,762
6174,83
6175,125
6176,866
6177,2953
6178,3274
6179,2824
6180,1839
6181,728
6182,60
6183,141
6184,938
6185,2036
6186,2977
6187,3268
6188,2796
6189,1759
6190,49
6191,176
6192,974
6193,2113
6194,3021
6195,3264
6196,2738
6197,1718
6198,631
6199,32
6200,194
6201,1048
6202,3043
6203,3252
6204,2708
6205,1638
6206,568
6207,24
6208,233
6209,1124
6210,2228
6211,3082
6212,3244
6213,2645
6214,1558
6215,12
6216,276
6217,1163
6218,2302
6219,3118
6220,3227
6221,2581
6222,1477
6223,480
6224,5
6225,299
6226,1240
6227,3135
6228,3205
6229,2514
6230,1437
6231,424
6232,1
6233,347
6234,1319
6235,2445
6236,3166
6237,3180
6238,2445
6239,1358
6240,1
6241,398
6242,1398
6243,2514
6244,3193
6245,3151
6246,2374
6247,1279
6248,323
6249,5
6250,480
6251,1477
6252,3227
6253,3118
6254,2302
6255,1163
6256,276
6257,12
6258,538
6259,1558
6260,2645
6261,3244
6262,3063
6263,2228
6264,1086
6265,24
6266,599
6267,1678
6268,2708
6269,3258
6270,3021
6271,2113
6272,1012
6273,176
6274,49
6275,663
6276,1759
6277,3271
6278,2977
6279,2036
6280,902
6281,141
6282,71
6283,762
6284,1878
6285,2852
6286,3275
6287,2904
6288,1957
6289,831
6290,110
6291,831
6292,1957
6293,2929
6294,3274
6295,2852
6296,1839
6297,728
6298,60
6299,141
6300,938
6301,2075
6302,3268
6303,2767
6304,1718
6305,631
6306,40
6307,194
6308,1048
6309,2190
6310,3043
6311,3252
6312,2677
6313,1598
6314,568
6315,255
6316,1163
6317,2264
6318,3100
6319,3227
6320,2581
6321,1517
6322,480
6323,5
6324,323
6325,1279
6326,2374
6327,3193
6328,2480
6329,1398
6330,398
6331,0
6332,398
6333,1398
6334,2480
6335,3193
6336,3151
6337,2374
6338,1240
6339,323
6340,480
6341,1517
6342,2581
6343,3227
6344,3100
6345,2264
6346,1124
6347,255
6348,18
6349,568
6350,1638
6351,2708
6352,3043
6353,2152
6354,1012
6355,176
6356,49
6357,663
6358,1759
6359,2796
6360,3271
6361,2953
6362,2036
6363,902
6364,125
6365,796
6366,1918
6367,2878
6368,3276
6369,2878
6370,1878
6371,762
6372,71
6373,125
6374,902
6375,2036
6376,2977
6377,2767
6378,1759
6379,663
6380,40
6381,194
6382,1048
6383,2190
6384,3043
6385,3252
6386,2677
6387,1598
6388,538
6389,12
6390,1163
6391,2302
6392,3118
6393,3216
6394,2548
6395,1437
6396,424
6397,2
6398,347
6399,1319
6400,2445
6401,3180
6402,2410
6403,1319
6404,347
6405,2
6406,452
6407,1477
6408,2581
6409,3227
6410,3100
6411,2302
6412,1163
6413,255
6414,18
6415,1638
6416,2708
6417,3258
6418,3021
6419,2152
6420,1012
6421,176
6422,49
6423,695
6424,1799
6425,2824
6426,3274
6427,1997
6428,866
6429,110
6430,96
6431,831
6432,1957
6433,2929
6434,3274
6435,2824
6436,1799
6437,728
6438,60
6439,158
6440,2113
6441,3021
6442,3258
6443,2708
6444,1638
6445,568
6446,18
6447,255
6448,1124
6449,2264
6450,3100
6451,3227
6452,1477
6453,452
6454,2
6455,347
6456,1319
6457,2445
6458,3180
6459,3166
6460,2410
6461,1279
6462,347
6463,2
6464,452
6465,2581
6466,3227
6467,3100
6468,2264
6469,1124
6470,233
6471,24
6472,599
6473,1678
6474,2738
6475,3264
6476,3000
6477,938
6478,141
6479,71
6480,728
6481,1839
6482,2852
6483,3275
6484,2904
6485,1918
6486,796
6487,83
6488,125
6489,902
6490,2977
6491,3268
6492,2767
6493,1718
6494,631
6495,32
6496,213
6497,1086
6498,2228
6499,3082
6500,3236
6501,2613
6502,480
6503,5
6504,323
6505,1279
6506,2410
6507,3166
6508,3180
6509,2445
6510,1319
6511,347
6512,2
6513,452
6514,1477
6515,3227
6516,3100
6517,2264
6518,1124
6519,233
6520,24
6521,599
6522,1678
6523,2738
6524,3264
6525,3000
6526,2075
6527,141
6528,71
6529,762
6530,1878
6531,2878
6532,3276
6533,2878
6534,1878
6535,762
6536,71
6537,141
6538,938
6539,2075
6540,3264
6541,2738
6542,1678
6543,568
6544,18
6545,255
6546,1163
6547,2302
6548,3118
6549,3216
6550,2548
6551,1437
6552,1
6553,372
6554,1358
6555,2480
6556,3193
6557,3151
6558,2374
6559,1240
6560,299
6561,8
6562,538
6563,1598
6564,2677
6565,3043
6566,2152
6567,1012
6568,176
6569,49
6570,695
6571,1799
6572,2824
6573,3274
6574,2929
6575,1957
6576,796
6577,125
6578,902
6579,2036
6580,2977
6581,3268
6582,2767
6583,1718
6584,631
6585,32
6586,213
6587,1124
6588,2264
6589,3100
6590,2581
6591,1477
6592,452
6593,2
6594,347
6595,1319
6596,2480
6597,3193
6598,3151
6599,2374
6600,1240
6601,299
6602,509
6603,1558
6604,2677
6605,3252
6606,3043
6607,2152
6608,1012
6609,176
6610,49
6611,695
6612,1799
6613,2852
6614,3275
6615,1918
6616,796
6617,83
6618,125
6619,902
6620,2075
6621,3000
6622,3264
6623,2738
6624,1678
6625,599
6626,24
6627,1163
6628,2302
6629,3118
6630,3216
6631,2548
6632,1437
6633,398
6634,0
6635,398
6636,1398
6637,2514
6638,3205
6639,3135
6640,1163
6641,255
6642,18
6643,568
6644,1638
6645,2738
6646,3264
6647,3000
6648,2075
6649,938
6650,141
6651,83
6652,1918
6653,2904
6654,3275
6655,2852
6656,1799
6657,695
6658,49
6659,176
6660,1012
6661,2152
6662,3063
6663,3244
6664,2645
6665,509
6666,5
6667,323
6668,1279
6669,2410
6670,3166
6671,3166
6672,2410
6673,1279
6674,323
6675,5
6676,509
6677,2645
6678,3244
6679,3063
6680,2152
6681,1012
6682,176
6683,49
6684,695
6685,1839
6686,2852
6687,3275
6688,2904
6689,1918
6690,71
6691,141
6692,938
6693,2113
6694,3021
6695,3258
6696,2708
6697,1638
6698,538
6699,12
6700,276
6701,1201
6702,3151
6703,3193
6704,2480
6705,1358
6706,347
6707,2
6708,452
6709,1477
6710,2613
6711,3236
6712,3082
6713,2228
6714,1048
6715,40
6716,663
6717,1799
6718,2824
6719,3274
6720,2929
6721,1918
6722,796
6723,83
6724,125
6725,938
6726,2075
6727,3264
6728,2708
6729,1638
6730,568
6731,18
6732,276
6733,1201
6734,2338
6735,3151
6736,3193
6737,2480
6738,1358
6739,347
6740,452
6741,1477
6742,2613
6743,3236
6744,3082
6745,2190
6746,1048
6747,194
6748,40
6749,695
6750,1799
6751,2824
6752,2904
6753,1918
6754,796
6755,71
6756,141
6757,938
6758,2113
6759,3021
6760,3258
6761,2677
6762,1598
6763,538
6764,12
6765,1240
6766,2374
6767,3166
6768,3180
6769,2445
6770,1279
6771,323
6772,5
6773,509
6774,1558
6775,2645
6776,3252
6777,2152
6778,974
6779,158
6780,60
6781,728
6782,1878
6783,2878
6784,3276
6785,2852
6786,1839
6787,728
6788,49
6789,176
6790,2190
6791,3063
6792,3244
6793,2613
6794,1517
6795,452
6796,2
6797,347
6798,1358
6799,2480
6800,3193
6801,3135
6802,1201
6803,255
6804,18
6805,568
6806,1678
6807,2738
6808,3264
6809,2977
6810,2036
6811,866
6812,110
6813,96
6814,866
6815,2953
6816,3268
6817,2767
6818,1718
6819,599
6820,24
6821,255
6822,1163
6823,2302
6824,3135
6825,3205
6826,2514
6827,372
6828,2
6829,452
6830,1477
6831,2613
6832,3236
6833,3063
6834,2190
6835,1048
6836,176
6837,49
6838,695
6839,1839
6840,3276
6841,2878
6842,1878
6843,728
6844,60
6845,176
6846,1012
6847,2190
6848,3063
6849,3244
6850,2613
6851,1517
6852,2
6853,347
6854,1358
6855,2480
6856,3205
6857,3135
6858,2338
6859,1163
6860,255
6861,24
6862,599
6863,1718
6864,2767
6865,2953
6866,1997
6867,831
6868,96
6869,125
6870,902
6871,2036
6872,3000
6873,3264
6874,2708
6875,1638
6876,538
6877,299
6878,1240
6879,2374
6880,3166
6881,3180
6882,2410
6883,1279
6884,299
6885,8
6886,538
6887,1598
6888,2677
6889,3258
6890,2075
6891,938
6892,125
6893,83
6894,831
6895,1957
6896,2953
6897,3271
6898,2767
6899,1718
6900,631
6901,24
6902,1163
6903,2302
6904,3135
6905,3205
6906,2480
6907,1358
6908,347
6909,2
6910,480
6911,1517
6912,2645
6913,3244
6914,3043
6915,974
6916,158
6917,71
6918,762
6919,1918
6920,2904
6921,3274
6922,2824
6923,1759
6924,663
6925,32
6926,213
6927,2264
6928,3118
6929,3216
6930,2514
6931,1398
6932,372
6933,1
6934,452
6935,1477
6936,2613
6937,3236
6938,3063
6939,2190
6940,176
6941,60
6942,728
6943,1878
6944,2878
6945,3275
6946,2852
6947,1799
6948,695
6949,40
6950,194
6951,1086
6952,3100
6953,3216
6954,2548
6955,1398
6956,398
6957,1
6958,424
6959,1477
6960,2581
6961,3236
6962,3082
6963,2190
6964,1012
6965,60
6966,728
6967,1878
6968,2878
6969,3275
6970,2852
6971,1799
6972,663
6973,40
6974,213
6975,1086
6976,2264
6977,3216
6978,2548
6979,1398
6980,372
6981,1
6982,452
6983,1477
6984,2613
6985,3236
6986,3063
6987,2152
6988,1012
6989,158
6990,762
6991,1878
6992,2904
6993,3274
6994,2824
6995,1759
6996,663
6997,32
6998,233
6999,1124
7000,2302
7001,3118
7002,2480
7003,1358
7004,347
7005,2
7006,480
7007,1558
7008,2645
7009,3252
7010,3043
7011,2113
7012,938
7013,141
7014,83
7015,1957
7016,2953
7017,3271
7018,2767
7019,1718
7020,599
7021,18
7022,255
7023,1201
7024,2374
7025,3151
7026,3180
7027,1279
7028,299
7029,8
7030,538
7031,1638
7032,2708
7033,3264
7034,3000
7035,2036
7036,866
7037,110
7038,110
7039,902
7040,3000
7041,3264
7042,2708
7043,1598
7044,538
7045,8
7046,323
7047,1279
7048,2445
7049,3193
7050,3151
7051,2338
7052,255
7053,24
7054,631
7055,1718
7056,2796
7057,3274
7058,2929
7059,1918
7060,762
7061,71
7062,158
7063,1012
7064,2152
7065,3236
7066,2613
7067,1477
7068,424
7069,1
7070,398
7071,1437
7072,2548
7073,3227
7074,3082
7075,2228
7076,1048
7077,49
7078,728
7079,1878
7080,2878
7081,3275
7082,2824
7083,1799
7084,663
7085,32
7086,233
7087,1124
7088,2302
7089,3135
7090,2480
7091,1319
7092,347
7093,5
7094,509
7095,1598
7096,2677
7097,3258
7098,3000
7099,2075
7100,902
7101,110
7102,866
7103,2036
7104,3000
7105,3264
7106,2708
7107,1598
7108,509
7109,8
7110,323
7111,1319
7112,2445
7113,3193
7114,3135
7115,1163
7116,233
7117,32
7118,663
7119,1759
7120,2824
7121,3275
7122,2878
7123,1878
7124,728
7125,49
7126,194
7127,2228
7128,3100
7129,3227
7130,2548
7131,1398
7132,372
7133,1
7134,452
7135,1517
7136,2645
7137,3252
7138,3043
7139,2113
7140,125
7141,83
7142,831
7143,1997
7144,2977
7145,3268
7146,2738
7147,1638
7148,538
7149,12
7150,299
7151,1279
7152,3193
7153,3151
7154,2338
7155,1163
7156,233
7157,24
7158,631
7159,1759
7160,2824
7161,3275
7162,2904
7163,1878
7164,728
7165,194
7166,1048
7167,2228
7168,3100
7169,3216
7170,2548
7171,1398
7172,372
7173,2
7174,480
7175,1517
7176,2645
7177,3021
7178,2075
7179,938
7180,125
7181,96
7182,866
7183,2036
7184,3000
7185,3264
7186,2708
7187,1598
7188,509
7189,5
7190,1319
7191,2480
7192,3205
7193,3118
7194,2264
7195,1124
7196,213
7197,40
7198,695
7199,1839
7200,2878
7201,3276
7202,1799
7203,663
7204,32
7205,233
7206,1124
7207,2302
7208,3135
7209,3193
7210,2445
7211,1279
7212,323
7213,8
7214,538
7215,2738
7216,3268
7217,2953
7218,1997
7219,831
7220,83
7221,141
7222,974
7223,2152
7224,3063
7225,3244
7226,2613
7227,424
7228,0
7229,424
7230,1477
7231,2613
7232,3236
7233,3063
7234,2152
7235,974
7236,141
7237,83
7238,831
7239,1997
7240,3268
7241,2738
7242,1638
7243,538
7244,8
7245,323
7246,1319
7247,2445
7248,3193
7249,3135
7250,2302
7251,1124
7252,40
7253,695
7254,1839
7255,2878
7256,3276
7257,2852
7258,1799
7259,663
7260,32
7261,233
7262,1163
7263,2338
7264,3151
7265,2410
7266,1279
7267,299
7268,12
7269,568
7270,1678
7271,2767
7272,3271
7273,2929
7274,1918
7275,762
7276,60
7277,1012
7278,2190
7279,3082
7280,3227
7281,2548
7282,1398
7283,372
7284,2
7285,480
7286,1558
7287,2677
7288,3258
7289,3000
7290,866
7291,96
7292,110
7293,902
7294,2075
7295,3021
7296,3252
7297,2645
7298,1517
7299,452
7300,1
7301,398
7302,2581
7303,3236
7304,3063
7305,2152
7306,974
7307,141
7308,83
7309,831
7310,1997
7311,2977
7312,3264
7313,2708
7314,1638
7315,8
7316,323
7317,1319
7318,2480
7319,3205
7320,3118
7321,2264
7322,1086
7323,194
7324,49
7325,728
7326,1878
7327,3274
7328,2796
7329,1718
7330,599
7331,18
7332,276
7333,1240
7334,2410
7335,3180
7336,3151
7337,2338
7338,1163
7339,233
7340,663
7341,1799
7342,2852
7343,3276
7344,2852
7345,1799
7346,663
7347,32
7348,233
7349,1163
7350,2338
7351,3151
7352,2410
7353,1240
7354,276
7355,18
7356,599
7357,1718
7358,2796
7359,3274
7360,2904
7361,1878
7362,728
7363,40
7364,213
7365,2302
7366,3135
7367,3193
7368,2445
7369,1279
7370,299
7371,12
7372,568
7373,1678
7374,2767
7375,3271
7376,2929
7377,762
7378,60
7379,176
7380,1048
7381,2228
7382,3100
7383,3216
7384,2514
7385,1319
7386,323
7387,8
7388,538
7389,1638
7390,3268
7391,2953
7392,1957
7393,796
7394,71
7395,158
7396,1012
7397,2190
7398,3082
7399,3216
7400,2514
7401,1358
7402,5
7403,509
7404,1598
7405,2410
7406,3021
7407,3274
7408,3100
7409,2514
7410,1718
7411,902
7412,276
7413,5
7414,158
7415,1517
7416,2338
7417,2977
7418,3268
7419,3135
7420,2613
7421,1839
7422,1012
7423,323
7424,12
7425,125
7426,631
7427,2228
7428,2904
7429,3258
7430,3166
7431,2677
7432,1918
7433,1086
7434,398
7435,24
7436,96
7437,568
7438,1319
7439,2152
7440,3236
7441,3193
7442,2738
7443,1997
7444,1163
7445,452
7446,49
7447,71
7448,509
7449,1240
7450,2075
7451,2796
7452,3216
7453,2796
7454,2075
7455,1240
7456,509
7457,60
7458,49
7459,452
7460,1163
7461,1997
7462,2767
7463,3205
7464,3236
7465,2152
7466,1279
7467,538
7468,83
7469,32
7470,398
7471,1086
7472,1957
7473,2708
7474,3180
7475,3252
7476,2878
7477,1358
7478,599
7479,110
7480,24
7481,372
7482,1048
7483,1878
7484,2645
7485,3166
7486,3258
7487,2929
7488,2264
7489,1437
7490,125
7491,12
7492,323
7493,1012
7494,1839
7495,2613
7496,3135
7497,3264
7498,2953
7499,2302
7500,1477
7501,695
7502,8
7503,299
7504,938
7505,1799
7506,2581
7507,3118
7508,3271
7509,2977
7510,2338
7511,1517
7512,728
7513,158
7514,5
7515,902
7516,1759
7517,2548
7518,3100
7519,3274
7520,3000
7521,2374
7522,1558
7523,762
7524,176
7525,2
7526,255
7527,1718
7528,2514
7529,3082
7530,3274
7531,3021
7532,2410
7533,1598
7534,762
7535,194
7536,1
7537,255
7538,866
7539,1678
7540,3082
7541,3275
7542,3043
7543,2445
7544,1598
7545,796
7546,213
7547,1
7548,233
7549,831
7550,1678
7551,2480
7552,3276
7553,3043
7554,2445
7555,1638
7556,796
7557,213
7558,0
7559,233
7560,831
7561,1638
7562,2445
7563,3063
7564,3276
7565,2445
7566,1638
7567,831
7568,213
7569,0
7570,213
7571,831
7572,1638
7573,2445
7574,3063
7575,3276
7576,3063
7577,1638
7578,831
7579,213
7580,0
7581,213
7582,831
7583,1638
7584,2445
7585,3063
7586,3276
7587,3063
7588,2445
7589,1638
7590,213
7591,0
7592,213
7593,831
7594,1638
7595,2445
7596,3063
7597,3276
7598,3063
7599,2445
7600,1638
7601,831
7602,0
7603,233
7604,831
7605,1638
7606,2480
7607,3063
7608,3276
7609,3043
7610,2445
7611,1638
7612,796
7613,213
7614,1
7615,831
7616,1678
7617,2480
7618,3063
7619,3275
7620,3043
7621,2410
7622,1598
7623,796
7624,194
7625,1
7626,255
7627,1678
7628,2514
7629,3082
7630,3275
7631,3021
7632,2410
7633,1558
7634,762
7635,194
7636,2
7637,255
7638,902
7639,1718
7640,3100
7641,3274
7642,3000
7643,2374
7644,1558
7645,728
7646,176
7647,5
7648,276
7649,938
7650,1759
7651,2548
7652,3271
7653,2977
7654,2338
7655,1517
7656,695
7657,158
7658,8
7659,299
7660,974
7661,1799
7662,2581
7663,3135
7664,3268
7665,2302
7666,1437
7667,663
7668,125
7669,12
7670,323
7671,1012
7672,1839
7673,2645
7674,3151
7675,3258
7676,2929
7677,1398
7678,631
7679,110
7680,18
7681,372
7682,1048
7683,1918
7684,2677
7685,3180
7686,3252
7687,2904
7688,2190
7689,1358
7690,96
7691,32
7692,398
7693,1124
7694,1957
7695,2738
7696,3193
7697,3236
7698,2852
7699,2113
7700,1279
7701,509
7702,40
7703,452
7704,1163
7705,2036
7706,2767
7707,3216
7708,3227
7709,2796
7710,2075
7711,1201
7712,480
7713,49
7714,60
7715,1240
7716,2113
7717,2824
7718,3236
7719,3205
7720,2738
7721,1997
7722,1124
7723,424
7724,32
7725,83
7726,568
7727,2190
7728,2878
7729,3252
7730,3180
7731,2677
7732,1918
7733,1048
7734,372
7735,18
7736,125
7737,631
7738,1437
7739,2264
7740,3264
7741,3135
7742,2613
7743,1799
7744,974
7745,299
7746,8
7747,158
7748,695
7749,1517
7750,2338
7751,3000
7752,3100
7753,2514
7754,1718
7755,866
7756,255
7757,1
7758,194
7759,796
7760,1598
7761,2445
7762,3063
7763,3276
7764,3043
7765,1598
7766,796
7767,194
7768,1
7769,255
7770,902
7771,1718
7772,2548
7773,3100
7774,3271
7775,3000
7776,2338
7777,695
7778,141
7779,8
7780,323
7781,974
7782,1839
7783,2645
7784,3151
7785,3258
7786,2929
7787,2228
7788,1398
7789,599
7790,24
7791,398
7792,1086
7793,1957
7794,2738
7795,3193
7796,3236
7797,2852
7798,2113
7799,1279
7800,509
7801,60
7802,480
7803,1201
7804,2075
7805,2824
7806,3227
7807,3205
7808,2738
7809,1997
7810,1124
7811,424
7812,32
7813,96
7814,568
7815,2190
7816,2904
7817,3258
7818,3166
7819,2645
7820,1878
7821,1012
7822,323
7823,12
7824,141
7825,695
7826,1477
7827,3000
7828,3271
7829,3100
7830,2548
7831,1718
7832,866
7833,255
7834,1
7835,213
7836,796
7837,1638
7838,2480
7839,3063
7840,3043
7841,2410
7842,1558
7843,762
7844,176
7845,5
7846,276
7847,938
7848,1799
7849,2581
7850,3135
7851,3264
7852,2264
7853,1398
7854,631
7855,110
7856,24
7857,372
7858,1086
7859,1957
7860,2708
7861,3193
7862,3236
7863,2852
7864,2113
7865,509
7866,60
7867,60
7868,480
7869,1240
7870,2113
7871,2824
7872,3236
7873,3193
7874,2738
7875,1957
7876,1086
7877,24
7878,110
7879,631
7880,1398
7881,2264
7882,2953
7883,3264
7884,3135
7885,2581
7886,1759
7887,938
7888,276
7889,2
7890,762
7891,1598
7892,2410
7893,3043
7894,3276
7895,3043
7896,2445
7897,1598
7898,762
7899,194
7900,2
7901,276
7902,1759
7903,2581
7904,3135
7905,3268
7906,2953
7907,2264
7908,1398
7909,631
7910,110
7911,24
7912,398
7913,1086
7914,1957
7915,3205
7916,3236
7917,2824
7918,2075
7919,1240
7920,480
7921,49
7922,71
7923,509
7924,1279
7925,2152
7926,2878
7927,3180
7928,2677
7929,1878
7930,1048
7931,347
7932,12
7933,141
7934,695
7935,1477
7936,2338
7937,3000
7938,3274
7939,3100
7940,1678
7941,831
7942,233
7943,0
7944,233
7945,866
7946,1678
7947,2514
7948,3100
7949,3271
7950,2977
7951,2338
7952,663
7953,125
7954,18
7955,347
7956,1048
7957,1918
7958,2708
7959,3180
7960,3244
7961,2852
7962,2113
7963,1240
7964,509
7965,60
7966,509
7967,1279
7968,2113
7969,2852
7970,3244
7971,3180
7972,2677
7973,1918
7974,1048
7975,347
7976,12
7977,663
7978,1477
7979,2338
7980,3000
7981,3274
7982,3082
7983,2514
7984,1678
7985,831
7986,213
7987,1
7988,233
7989,866
7990,2548
7991,3118
7992,3268
7993,2977
7994,2302
7995,1437
7996,631
7997,110
7998,24
7999,372
