sample_index,dac_sample
0,1638
1,3043
2,3082
3,1718
4,276
5,176
6,1517
7,2977
8,3118
9,1799
10,323
11,125
12,1437
13,2929
14,3166
15,1878
16,372
17,96
18,1358
19,2878
20,3193
21,1997
22,424
23,71
24,1240
25,2824
26,3216
27,2036
28,480
29,49
30,1201
31,2767
32,3236
33,2113
34,538
35,40
36,1124
37,2708
38,3244
39,2190
40,568
41,24
42,1048
43,2677
44,3258
45,2228
46,631
47,18
48,1012
49,2645
50,3264
51,2302
52,663
53,8
54,974
55,2581
56,3268
57,2338
58,695
59,5
60,938
61,2548
62,3271
63,2374
64,728
65,2
66,902
67,2514
68,3274
69,2374
70,762
71,2
72,866
73,2514
74,3275
75,2410
76,762
77,1
78,866
79,2480
80,3275
81,2445
82,796
83,1
84,831
85,2480
86,3275
87,2445
88,796
89,0
90,831
91,2480
92,3276
93,2445
94,796
95,0
96,831
97,2480
98,3276
99,2445
100,796
101,0
102,831
103,2480
104,3276
105,2445
106,796
107,1
108,831
109,2480
110,3275
111,2445
112,796
113,1
114,866
115,2480
116,3275
117,2410
118,762
119,2
120,866
121,2514
122,3274
123,2374
124,762
125,2
126,902
127,2548
128,3271
129,2374
130,728
131,5
132,938
133,2581
134,3268
135,2338
136,695
137,8
138,974
139,2613
140,3264
141,2264
142,663
143,12
144,1012
145,2645
146,3258
147,2228
148,599
149,24
150,1086
151,2677
152,3252
153,2190
154,568
155,32
156,1124
157,2738
158,3236
159,2113
160,509
161,49
162,1201
163,2796
164,3216
165,2036
166,452
167,71
168,1279
169,2852
170,3193
171,1957
172,398
173,96
174,1358
175,2904
176,3166
177,1878
178,347
179,125
180,1437
181,2953
182,3135
183,1799
184,299
185,158
186,1517
187,3000
188,3100
189,1718
190,233
191,213
192,1638
193,3063
194,3043
195,1598
196,194
197,255
198,1718
199,3118
200,2977
201,1477
202,141
203,323
204,1839
205,3151
206,2904
207,1358
208,96
209,398
210,1957
211,3193
212,2824
213,1240
214,60
215,480
216,2075
217,3236
218,2738
219,1124
220,32
221,568
222,2228
223,3258
224,2645
225,1012
226,8
227,695
228,2338
229,3271
230,2514
231,866
232,1
233,831
234,2480
235,3275
236,2410
237,728
238,5
239,938
240,2613
241,3264
242,2264
243,599
244,24
245,1086
246,2738
247,3236
248,2113
249,480
250,60
251,1240
252,2852
253,3193
254,1957
255,372
256,110
257,1437
258,2953
259,3135
260,1759
261,276
262,194
263,1598
264,3043
265,3043
266,1598
267,176
268,276
269,1799
270,3135
271,2953
272,1398
273,110
274,398
275,1957
276,3205
277,2824
278,1201
279,49
280,538
281,2152
282,3252
283,2677
284,1012
285,12
286,695
287,2338
288,3274
289,2514
290,831
291,0
292,866
293,2514
294,3271
295,2302
296,663
297,18
298,1048
299,2708
300,3244
301,2113
302,480
303,60
304,1279
305,2852
306,3180
307,1878
308,347
309,141
310,1477
311,3000
312,3082
313,1678
314,213
315,255
316,1718
317,3118
318,2953
319,1437
320,110
321,398
322,1957
323,3205
324,2796
325,1201
326,40
327,568
328,2190
329,3258
330,2613
331,938
332,5
333,762
334,2445
335,3275
336,2410
337,728
338,8
339,1012
340,2645
341,3252
342,2152
343,509
344,49
345,1240
346,2852
347,3180
348,1878
349,347
350,141
351,1517
352,3021
353,3063
354,1638
355,194
356,276
357,1799
358,3151
359,2904
360,1358
361,83
362,452
363,2075
364,3236
365,2708
366,1048
367,18
368,663
369,2338
370,3274
371,2480
372,796
373,2
374,938
375,2613
376,3258
377,2190
378,568
379,40
380,1201
381,2824
382,3193
383,1918
384,347
385,141
386,1517
387,3021
388,3063
389,1598
390,176
391,299
392,1839
393,3166
394,2878
395,1279
396,60
397,509
398,2152
399,3252
400,2645
401,974
402,5
403,762
404,2445
405,3275
406,2374
407,695
408,12
409,1048
410,2738
411,3227
412,2036
413,424
414,96
415,1398
416,2953
417,3118
418,1718
419,233
420,255
421,1759
422,3135
423,2929
424,1358
425,83
426,452
427,2075
428,3244
429,2677
430,1012
431,8
432,728
433,2410
434,3275
435,2374
436,695
437,12
438,1048
439,2738
440,3227
441,2036
442,424
443,96
444,1437
445,2977
446,3100
447,1678
448,194
449,276
450,1799
451,3151
452,2878
453,1279
454,60
455,509
456,2190
457,3258
458,2613
459,902
460,1
461,831
462,2548
463,3268
464,2264
465,599
466,40
467,1201
468,2824
469,3180
470,1878
471,323
472,176
473,1598
474,3082
475,3000
476,1477
477,110
478,398
479,1997
480,3227
481,2738
482,1048
483,12
484,695
485,2410
486,3276
487,2374
488,695
489,12
490,1086
491,2738
492,3216
493,1997
494,372
495,125
496,1517
497,3021
498,3043
499,1558
500,158
501,347
502,1918
503,3205
504,2796
505,1124
506,24
507,663
508,2338
509,3275
510,2445
511,728
512,12
513,1048
514,2738
515,3227
516,1997
517,398
518,125
519,1477
520,3021
521,3063
522,1558
523,141
524,347
525,1957
526,3205
527,2767
528,1086
529,18
530,695
531,2374
532,3276
533,2374
534,695
535,18
536,1124
537,2767
538,3205
539,1918
540,347
541,158
542,1558
543,3063
544,3000
545,1437
546,110
547,424
548,2075
549,3236
550,2677
551,974
552,5
553,796
554,2514
555,3268
556,2264
557,568
558,49
559,1240
560,2878
561,3151
562,1759
563,255
564,233
565,1759
566,3151
567,2878
568,1279
569,49
570,568
571,2264
572,3271
573,2514
574,796
575,5
576,1012
577,2708
578,3236
579,2036
580,398
581,125
582,1517
583,3043
584,3043
585,1517
586,125
587,398
588,2036
589,3236
590,2677
591,974
592,5
593,796
594,2514
595,3268
596,2228
597,538
598,60
599,1319
600,2929
601,3118
602,1678
603,213
604,276
605,1839
606,3180
607,2824
608,1163
609,24
610,663
611,2374
612,3276
613,2374
614,663
615,24
616,1163
617,2824
618,3180
619,1839
620,276
621,213
622,1718
623,3135
624,2904
625,1279
626,49
627,568
628,2264
629,3271
630,2480
631,728
632,12
633,1086
634,2767
635,3205
636,1918
637,323
638,176
639,1638
640,3100
641,2953
642,1319
643,60
644,538
645,2228
646,3268
647,2514
648,796
649,5
650,1048
651,2738
652,3216
653,1957
654,347
655,158
656,1638
657,3100
658,2953
659,1358
660,71
661,538
662,2228
663,3268
664,2514
665,796
666,8
667,1048
668,2738
669,3216
670,1918
671,323
672,176
673,1638
674,3100
675,2929
676,1319
677,60
678,568
679,2264
680,3271
681,2480
682,728
683,12
684,1086
685,2796
686,3193
687,1878
688,276
689,213
690,1718
691,3151
692,2878
693,1240
694,32
695,631
696,2338
697,3276
698,2374
699,663
700,32
701,1201
702,2852
703,3151
704,1759
705,213
706,276
707,1839
708,3193
709,2796
710,1086
711,12
712,762
713,2480
714,3271
715,2228
716,538
717,71
718,1358
719,2977
720,3082
721,1558
722,141
723,398
724,2036
725,3236
726,2645
727,938
728,0
729,902
730,2645
731,3244
732,2036
733,372
734,141
735,1598
736,3082
737,2953
738,1358
739,60
740,538
741,2264
742,3271
743,2445
744,695
745,18
746,1163
747,2824
748,3166
749,1799
750,233
751,276
752,1839
753,3193
754,2796
755,1086
756,8
757,762
758,2514
759,3264
760,2190
761,480
762,96
763,1437
764,3021
765,3021
766,1477
767,96
768,480
769,2152
770,3264
771,2514
772,796
773,8
774,1086
775,2767
776,3193
777,1839
778,255
779,233
780,1799
781,3180
782,2824
783,1124
784,12
785,762
786,2480
787,3268
788,2190
789,480
790,96
791,1437
792,3021
793,3021
794,1437
795,83
796,480
797,2190
798,3268
799,2480
800,728
801,12
802,1124
803,2824
804,3166
805,1759
806,213
807,276
808,1878
809,3205
810,2738
811,1012
812,2
813,866
814,2613
815,3252
816,2075
817,398
818,141
819,1598
820,3100
821,2929
822,1279
823,40
824,631
825,2374
826,3276
827,2338
828,599
829,49
830,1319
831,2953
832,3082
833,1558
834,125
835,424
836,2113
837,3258
838,2548
839,796
840,8
841,1086
842,2796
843,3180
844,1799
845,233
846,276
847,1878
848,3205
849,2738
850,1012
851,2
852,866
853,2613
854,3236
855,1997
856,347
857,176
858,1678
859,3135
860,2878
861,1201
862,24
863,695
864,2445
865,3271
866,2190
867,480
868,96
869,1477
870,3043
871,3000
872,1398
873,60
874,568
875,2302
876,3275
877,2374
878,631
879,49
880,1319
881,2953
882,3082
883,1558
884,125
885,452
886,2152
887,3264
888,2514
889,728
890,18
891,1163
892,2852
893,3151
894,1678
895,176
896,347
897,1997
898,3244
899,2613
900,866
901,2
902,1048
903,2767
904,3193
905,1799
906,233
907,276
908,1918
909,3216
910,2708
911,974
912,0
913,938
914,2677
915,3216
916,1918
917,299
918,233
919,1799
920,3193
921,2767
922,1048
923,2
924,866
925,2613
926,3236
927,1997
928,323
929,194
930,1718
931,3166
932,2824
933,1086
934,8
935,796
936,2581
937,3252
938,2036
939,372
940,176
941,1678
942,3151
943,2852
944,1163
945,12
946,762
947,2548
948,3258
949,2075
950,398
951,158
952,1638
953,3135
954,2878
955,1163
956,18
957,762
958,2514
959,3258
960,2075
961,398
962,158
963,1638
964,3135
965,2878
966,1163
967,18
968,762
969,2548
970,3258
971,2075
972,398
973,158
974,1678
975,3135
976,2852
977,1163
978,12
979,796
980,2548
981,3252
982,2075
983,372
984,176
985,1678
986,3151
987,2824
988,1124
989,8
990,831
991,2581
992,3244
993,1997
994,347
995,194
996,1759
997,3180
998,2796
999,1048
1000,2
1001,866
1002,2645
1003,3227
1004,1918
1005,299
1006,233
1007,1839
1008,3205
1009,2738
1010,974
1011,0
1012,974
1013,2708
1014,3205
1015,1839
1016,233
1017,299
1018,1918
1019,3227
1020,2645
1021,866
1022,5
1023,1048
1024,2796
1025,3166
1026,1718
1027,176
1028,372
1029,2036
1030,3252
1031,2548
1032,762
1033,18
1034,1201
1035,2904
1036,3118
1037,1598
1038,125
1039,452
1040,2190
1041,3271
1042,2410
1043,631
1044,49
1045,1358
1046,2977
1047,3043
1048,1437
1049,71
1050,568
1051,2338
1052,3275
1053,2264
1054,509
1055,96
1056,1517
1057,3082
1058,2929
1059,1240
1060,24
1061,728
1062,2514
1063,3258
1064,2075
1065,372
1066,176
1067,1718
1068,3166
1069,2796
1070,1048
1071,2
1072,902
1073,2677
1074,3216
1075,1878
1076,255
1077,276
1078,1918
1079,3227
1080,2613
1081,831
1082,8
1083,1124
1084,2852
1085,3135
1086,1638
1087,141
1088,424
1089,2152
1090,3271
1091,2410
1092,631
1093,49
1094,1358
1095,3000
1096,3021
1097,1398
1098,49
1099,631
1100,2410
1101,3271
1102,2190
1103,452
1104,141
1105,1638
1106,3135
1107,2852
1108,1124
1109,5
1110,866
1111,2645
1112,3227
1113,1878
1114,255
1115,276
1116,1918
1117,3227
1118,2613
1119,831
1120,8
1121,1124
1122,2878
1123,3118
1124,1598
1125,110
1126,480
1127,2228
1128,3274
1129,2338
1130,568
1131,71
1132,1477
1133,3063
1134,2953
1135,1240
1136,24
1137,728
1138,2548
1139,3252
1140,2036
1141,323
1142,213
1143,1799
1144,3205
1145,2708
1146,938
1147,2
1148,1048
1149,2824
1150,3151
1151,1678
1152,141
1153,424
1154,2190
1155,3271
1156,2410
1157,599
1158,60
1159,1437
1160,3043
1161,2977
1162,1279
1163,32
1164,728
1165,2514
1166,3252
1167,2036
1168,323
1169,213
1170,1839
1171,3205
1172,2677
1173,902
1174,5
1175,1086
1176,2852
1177,3135
1178,1598
1179,125
1180,480
1181,2228
1182,3275
1183,2338
1184,538
1185,83
1186,1517
1187,3082
1188,2904
1189,1163
1190,12
1191,831
1192,2613
1193,3227
1194,1918
1195,255
1196,299
1197,1957
1198,3244
1199,2581
1200,762
1201,24
1202,1240
1203,2953
1204,3043
1205,1437
1206,60
1207,599
1208,2410
1209,3268
1210,2152
1211,398
1212,176
1213,1718
1214,3180
1215,2738
1216,974
1217,1
1218,1048
1219,2824
1220,3151
1221,1638
1222,125
1223,452
1224,2228
1225,3275
1226,2302
1227,538
1228,96
1229,1558
1230,3118
1231,2878
1232,1124
1233,5
1234,902
1235,2677
1236,3205
1237,1799
1238,194
1239,347
1240,2075
1241,3264
1242,2445
1243,631
1244,49
1245,1398
1246,3043
1247,2953
1248,1240
1249,18
1250,762
1251,2581
1252,3236
1253,1918
1254,255
1255,299
1256,1997
1257,3244
1258,2548
1259,728
1260,32
1261,1319
1262,3000
1263,3000
1264,1319
1265,32
1266,695
1267,2514
1268,3252
1269,1997
1270,299
1271,255
1272,1918
1273,3236
1274,2581
1275,762
1276,24
1277,1279
1278,2977
1279,3021
1280,1358
1281,40
1282,695
1283,2514
1284,3252
1285,1997
1286,299
1287,255
1288,1918
1289,3236
1290,2581
1291,762
1292,24
1293,1279
1294,2977
1295,3021
1296,1358
1297,40
1298,695
1299,2514
1300,3252
1301,1997
1302,299
1303,255
1304,1918
1305,3236
1306,2581
1307,728
1308,32
1309,1319
1310,3000
1311,3000
1312,1319
1313,32
1314,728
1315,2548
1316,3236
1317,1918
1318,255
1319,299
1320,1997
1321,3252
1322,2514
1323,663
1324,49
1325,1398
1326,3043
1327,2953
1328,1240
1329,12
1330,831
1331,2645
1332,3216
1333,1839
1334,194
1335,372
1336,2113
1337,3268
1338,2374
1339,568
1340,83
1341,1517
1342,3118
1343,2852
1344,1086
1345,2
1346,974
1347,2767
1348,3166
1349,1678
1350,125
1351,480
1352,2264
1353,3275
1354,2228
1355,452
1356,158
1357,1718
1358,3180
1359,2738
1360,902
1361,5
1362,1124
1363,2904
1364,3082
1365,1437
1366,60
1367,631
1368,2480
1369,3258
1370,2036
1371,299
1372,255
1373,1957
1374,3244
1375,2548
1376,695
1377,40
1378,1398
1379,3043
1380,2953
1381,1201
1382,12
1383,866
1384,2677
1385,3193
1386,1759
1387,176
1388,424
1389,2190
1390,3275
1391,2302
1392,480
1393,125
1394,1678
1395,3166
1396,2738
1397,938
1398,5
1399,1124
1400,2904
1401,3082
1402,1437
1403,60
1404,663
1405,2480
1406,3252
1407,1997
1408,276
1409,276
1410,1997
1411,3258
1412,2480
1413,631
1414,60
1415,1477
1416,3082
1417,2878
1418,1086
1419,2
1420,974
1421,2767
1422,3151
1423,1598
1424,110
1425,538
1426,2338
1427,3271
1428,2113
1429,372
1430,213
1431,1878
1432,3227
1433,2581
1434,728
1435,32
1436,1358
1437,3043
1438,2953
1439,1201
1440,8
1441,866
1442,2708
1443,3180
1444,1678
1445,141
1446,480
1447,2302
1448,3275
1449,2190
1450,398
1451,194
1452,1799
1453,3216
1454,2613
1455,762
1456,24
1457,1319
1458,3021
1459,2953
1460,1240
1461,12
1462,866
1463,2708
1464,3180
1465,1718
1466,141
1467,480
1468,2302
1469,3274
1470,2190
1471,398
1472,194
1473,1839
1474,3227
1475,2581
1476,762
1477,32
1478,1358
1479,3043
1480,2929
1481,1163
1482,5
1483,938
1484,2738
1485,3166
1486,1638
1487,110
1488,538
1489,2374
1490,3268
1491,2075
1492,323
1493,255
1494,1957
1495,3244
1496,2514
1497,663
1498,60
1499,1477
1500,3100
1501,2852
1502,1048
1503,0
1504,1048
1505,2852
1506,3100
1507,1477
1508,60
1509,663
1510,2514
1511,3244
1512,1918
1513,233
1514,347
1515,2113
1516,3271
1517,2338
1518,509
1519,125
1520,1678
1521,3180
1522,2708
1523,866
1524,18
1525,1279
1526,3000
1527,2977
1528,1240
1529,12
1530,866
1531,2708
1532,3180
1533,1678
1534,125
1535,538
1536,2374
1537,3268
1538,2075
1539,323
1540,255
1541,1957
1542,3252
1543,2445
1544,599
1545,83
1546,1558
1547,3135
1548,2796
1549,938
1550,5
1551,1163
1552,2929
1553,3043
1554,1319
1555,24
1556,796
1557,2645
1558,3205
1559,1718
1560,141
1561,480
1562,2302
1563,3271
1564,2113
1565,347
1566,233
1567,1957
1568,3252
1569,2480
1570,631
1571,83
1572,1558
1573,3135
1574,2796
1575,938
1576,5
1577,1163
1578,2953
1579,3021
1580,1319
1581,18
1582,831
1583,2677
1584,3180
1585,1678
1586,125
1587,538
1588,2374
1589,3268
1590,2036
1591,299
1592,276
1593,2036
1594,3264
1595,2374
1596,538
1597,110
1598,1678
1599,3180
1600,2677
1601,831
1602,18
1603,1319
1604,3021
1605,2929
1606,1163
1607,2
1608,974
1609,2796
1610,3118
1611,1517
1612,60
1613,663
1614,2548
1615,3236
1616,1839
1617,194
1618,424
1619,2228
1620,3275
1621,2190
1622,372
1623,213
1624,1918
1625,3244
1626,2480
1627,631
1628,83
1629,1558
1630,3151
1631,2767
1632,902
1633,8
1634,1240
1635,3000
1636,2977
1637,1201
1638,8
1639,938
1640,2767
1641,3135
1642,1517
1643,71
1644,663
1645,2514
1646,3236
1647,1839
1648,194
1649,424
1650,2264
1651,3275
1652,2152
1653,372
1654,233
1655,1957
1656,3252
1657,2445
1658,568
1659,96
1660,1638
1661,3180
1662,2708
1663,831
1664,24
1665,1319
1666,3043
1667,2904
1668,1086
1669,1
1670,1048
1671,2878
1672,3082
1673,1398
1674,32
1675,796
1676,2645
1677,3193
1678,1678
1679,110
1680,538
1681,2410
1682,3258
1683,1957
1684,233
1685,347
1686,2152
1687,3275
1688,2228
1689,398
1690,194
1691,1878
1692,3244
1693,2480
1694,599
1695,83
1696,1598
1697,3166
1698,2708
1699,831
1700,24
1701,1358
1702,3043
1703,2904
1704,1086
1705,0
1706,1086
1707,2904
1708,3043
1709,1319
1710,24
1711,831
1712,2708
1713,3166
1714,1598
1715,83
1716,631
1717,2514
1718,3236
1719,1839
1720,176
1721,452
1722,2302
1723,3271
1724,2075
1725,323
1726,276
1727,2036
1728,3268
1729,2338
1730,480
1731,158
1732,1799
1733,3227
1734,2548
1735,663
1736,71
1737,1558
1738,3151
1739,2738
1740,866
1741,24
1742,1358
1743,3063
1744,2878
1745,1048
1746,1
1747,1124
1748,2929
1749,3021
1750,1279
1751,12
1752,902
1753,2767
1754,3135
1755,1477
1756,49
1757,728
1758,2613
1759,3205
1760,1718
1761,125
1762,538
1763,2410
1764,3252
1765,1918
1766,213
1767,398
1768,2228
1769,3275
1770,2113
1771,323
1772,276
1773,2036
1774,3268
1775,2338
1776,452
1777,176
1778,1839
1779,3236
1780,2514
1781,599
1782,96
1783,1638
1784,3180
1785,2645
1786,762
1787,40
1788,1437
1789,3118
1790,2796
1791,938
1792,8
1793,1279
1794,3021
1795,2929
1796,1124
1797,0
1798,1086
1799,2904
1800,3021
1801,1279
1802,12
1803,938
1804,2796
1805,3118
1806,1437
1807,40
1808,762
1809,2677
1810,3180
1811,1638
1812,83
1813,631
1814,2514
1815,3227
1816,1799
1817,158
1818,509
1819,2374
1820,3258
1821,1957
1822,233
1823,398
1824,2228
1825,3274
1826,2113
1827,323
1828,299
1829,2075
1830,3274
1831,2264
1832,398
1833,213
1834,1957
1835,3258
1836,2410
1837,509
1838,141
1839,1799
1840,3227
1841,2514
1842,631
1843,96
1844,1638
1845,3193
1846,2645
1847,728
1848,49
1849,1517
1850,3135
1851,2738
1852,831
1853,24
1854,1398
1855,3082
1856,2824
1857,974
1858,8
1859,1240
1860,3021
1861,2904
1862,1086
1863,1
1864,1124
1865,2953
1866,3000
1867,1201
1868,2
1869,1012
1870,2878
1871,3043
1872,1319
1873,12
1874,902
1875,2796
1876,3100
1877,1437
1878,32
1879,831
1880,2708
1881,3151
1882,1517
1883,60
1884,728
1885,2645
1886,3193
1887,1638
1888,83
1889,631
1890,2548
1891,3216
1892,1718
1893,125
1894,568
1895,2480
1896,3244
1897,1839
1898,158
1899,509
1900,2374
1901,3258
1902,1918
1903,194
1904,424
1905,2302
1906,3268
1907,1997
1908,233
1909,372
1910,2228
1911,3274
1912,2075
1913,276
1914,323
1915,2152
1916,3276
1917,2152
1918,323
1919,299
1920,2075
1921,3274
1922,2228
1923,372
1924,255
1925,2036
1926,3268
1927,2302
1928,424
1929,213
1930,1957
1931,3264
1932,2338
1933,452
1934,194
1935,1878
1936,3252
1937,2410
1938,509
1939,158
1940,1839
1941,3244
1942,2445
1943,538
1944,141
1945,1799
1946,3236
1947,2480
1948,568
1949,125
1950,1759
1951,3227
1952,2514
1953,599
1954,110
1955,1718
1956,3216
1957,2548
1958,631
1959,96
1960,1678
1961,3205
1962,2581
1963,663
1964,83
1965,1638
1966,3193
1967,2613
1968,695
1969,71
1970,1598
1971,3180
1972,2645
1973,728
1974,60
1975,1558
1976,3166
1977,2645
1978,728
1979,60
1980,1558
1981,3166
1982,2677
1983,762
1984,49
1985,1558
1986,3166
1987,2677
1988,762
1989,49
1990,1517
1991,3151
1992,2677
1993,762
1994,49
1995,1517
1996,3151
1997,2708
1998,762
1999,49
2000,1517
2001,3151
2002,2708
2003,762
2004,49
2005,1517
2006,3151
2007,2677
2008,762
2009,49
2010,1517
2011,3151
2012,2677
2013,762
2014,49
2015,1558
2016,3166
2017,2677
2018,762
2019,60
2020,1558
2021,3166
2022,2677
2023,728
2024,60
2025,1558
2026,3180
2027,2645
2028,728
2029,71
2030,1598
2031,3180
2032,2613
2033,695
2034,71
2035,1638
2036,3193
2037,2613
2038,663
2039,83
2040,1678
2041,3205
2042,2581
2043,631
2044,96
2045,1718
2046,3216
2047,2548
2048,599
2049,110
2050,1759
2051,3227
2052,2514
2053,568
2054,125
2055,1799
2056,3236
2057,2445
2058,538
2059,158
2060,1839
2061,3252
2062,2410
2063,509
2064,176
2065,1878
2066,3258
2067,2374
2068,452
2069,194
2070,1957
2071,3264
2072,2302
2073,398
2074,233
2075,2036
2076,3271
2077,2228
2078,372
2079,276
2080,2075
2081,3275
2082,2190
2083,323
2084,323
2085,2152
2086,3275
2087,2113
2088,276
2089,372
2090,2228
2091,3271
2092,2036
2093,233
2094,424
2095,2302
2096,3264
2097,1957
2098,194
2099,480
2100,2374
2101,3252
2102,1839
2103,158
2104,538
2105,2480
2106,3236
2107,1759
2108,110
2109,599
2110,2548
2111,3205
2112,1678
2113,83
2114,695
2115,2645
2116,3180
2117,1558
2118,49
2119,796
2120,2708
2121,3135
2122,1437
2123,32
2124,866
2125,2796
2126,3082
2127,1319
2128,12
2129,974
2130,2878
2131,3021
2132,1240
2133,2
2134,1086
2135,2953
2136,2953
2137,1124
2138,1
2139,1201
2140,3021
2141,2878
2142,974
2143,8
2144,1319
2145,3082
2146,2796
2147,866
2148,32
2149,1477
2150,3135
2151,2708
2152,762
2153,60
2154,1598
2155,3193
2156,2581
2157,631
2158,110
2159,1718
2160,3227
2161,2480
2162,538
2163,158
2164,1878
2165,3258
2166,2338
2167,424
2168,233
2169,2036
2170,3274
2171,2190
2172,323
2173,323
2174,2190
2175,3274
2176,2036
2177,233
2178,424
2179,2338
2180,3258
2181,1878
2182,158
2183,538
2184,2480
2185,3227
2186,1718
2187,96
2188,663
2189,2613
2190,3180
2191,1558
2192,49
2193,796
2194,2738
2195,3118
2196,1398
2197,18
2198,938
2199,2878
2200,3021
2201,1201
2202,1
2203,1124
2204,2977
2205,2929
2206,1048
2207,5
2208,1319
2209,3082
2210,2796
2211,866
2212,32
2213,1477
2214,3151
2215,2645
2216,695
2217,83
2218,1678
2219,3216
2220,2514
2221,538
2222,158
2223,1878
2224,3258
2225,2338
2226,398
2227,255
2228,2075
2229,3275
2230,2113
2231,276
2232,372
2233,2264
2234,3268
2235,1918
2236,176
2237,509
2238,2445
2239,3227
2240,1718
2241,96
2242,695
2243,2645
2244,3166
2245,1517
2246,32
2247,866
2248,2796
2249,3063
2250,1279
2251,5
2252,1086
2253,2953
2254,2953
2255,1048
2256,5
2257,1279
2258,3082
2259,2796
2260,866
2261,40
2262,1517
2263,3180
2264,2613
2265,663
2266,110
2267,1759
2268,3236
2269,2410
2270,480
2271,213
2272,1997
2273,3274
2274,2190
2275,323
2276,347
2277,2228
2278,3268
2279,1957
2280,176
2281,509
2282,2480
2283,3227
2284,1718
2285,83
2286,695
2287,2677
2288,3151
2289,1437
2290,24
2291,938
2292,2852
2293,3021
2294,1201
2295,0
2296,1163
2297,3021
2298,2852
2299,938
2300,24
2301,1437
2302,3151
2303,2677
2304,695
2305,83
2306,1718
2307,3236
2308,2445
2309,480
2310,194
2311,1997
2312,3271
2313,2190
2314,299
2315,347
2316,2264
2317,3264
2318,1918
2319,158
2320,538
2321,2514
2322,3205
2323,1638
2324,60
2325,796
2326,2738
2327,3100
2328,1319
2329,8
2330,1048
2331,2953
2332,2953
2333,1048
2334,8
2335,1319
2336,3100
2337,2738
2338,762
2339,60
2340,1638
2341,3216
2342,2514
2343,538
2344,176
2345,1957
2346,3268
2347,2228
2348,323
2349,347
2350,2228
2351,3268
2352,1918
2353,158
2354,568
2355,2514
2356,3205
2357,1598
2358,49
2359,831
2360,2767
2361,3082
2362,1279
2363,2
2364,1124
2365,2977
2366,2904
2367,974
2368,18
2369,1437
2370,3151
2371,2645
2372,695
2373,96
2374,1759
2375,3244
2376,2374
2377,424
2378,255
2379,2113
2380,3276
2381,2075
2382,233
2383,452
2384,2410
2385,3236
2386,1718
2387,83
2388,728
2389,2708
2390,3118
2391,1358
2392,8
2393,1048
2394,2953
2395,2929
2396,1012
2397,8
2398,1358
2399,3118
2400,2708
2401,728
2402,83
2403,1718
2404,3236
2405,2410
2406,452
2407,233
2408,2113
2409,3275
2410,2036
2411,213
2412,480
2413,2445
2414,3227
2415,1678
2416,71
2417,762
2418,2738
2419,3100
2420,1319
2421,5
2422,1086
2423,2977
2424,2878
2425,938
2426,24
2427,1477
2428,3166
2429,2613
2430,631
2431,125
2432,1839
2433,3264
2434,2264
2435,347
2436,323
2437,2228
2438,3268
2439,1878
2440,141
2441,599
2442,2581
2443,3180
2444,1517
2445,24
2446,938
2447,2878
2448,3000
2449,1124
2450,5
2451,1319
2452,3100
2453,2738
2454,728
2455,83
2456,1718
2457,3236
2458,2374
2459,424
2460,255
2461,2113
2462,3274
2463,1997
2464,194
2465,509
2466,2514
2467,3205
2468,1598
2469,40
2470,866
2471,2824
2472,3021
2473,1163
2474,1
2475,1240
2476,3082
2477,2767
2478,796
2479,71
2480,1678
2481,3236
2482,2410
2483,452
2484,255
2485,2113
2486,3275
2487,1997
2488,194
2489,538
2490,2514
2491,3205
2492,1558
2493,40
2494,902
2495,2852
2496,3021
2497,1124
2498,2
2499,1319
2500,3100
2501,2708
2502,728
2503,83
2504,1759
2505,3244
2506,2338
2507,398
2508,299
2509,2190
2510,3268
2511,1918
2512,141
2513,599
2514,2613
2515,3166
2516,1437
2517,18
2518,1012
2519,2929
2520,2929
2521,1012
2522,18
2523,1437
2524,3166
2525,2613
2526,599
2527,158
2528,1918
2529,3271
2530,2190
2531,276
2532,398
2533,2374
2534,3236
2535,1718
2536,71
2537,762
2538,2767
2539,3063
2540,1240
2541,0
2542,1240
2543,3063
2544,2767
2545,796
2546,71
2547,1718
2548,3236
2549,2374
2550,398
2551,276
2552,2190
2553,3268
2554,1918
2555,141
2556,631
2557,2613
2558,3151
2559,1398
2560,8
2561,1048
2562,2977
2563,2878
2564,938
2565,32
2566,1558
2567,3205
2568,2514
2569,509
2570,213
2571,2075
2572,3276
2573,2036
2574,194
2575,538
2576,2514
2577,3193
2578,1517
2579,24
2580,974
2581,2904
2582,2953
2583,1012
2584,18
2585,1477
2586,3180
2587,2581
2588,568
2589,176
2590,1997
2591,3275
2592,2075
2593,233
2594,480
2595,2480
2596,3205
2597,1558
2598,32
2599,938
2600,2904
2601,2977
2602,1048
2603,12
2604,1437
2605,3166
2606,2581
2607,568
2608,176
2609,1997
2610,3275
2611,2075
2612,213
2613,480
2614,2480
2615,3205
2616,1558
2617,32
2618,938
2619,2904
2620,2953
2621,1012
2622,18
2623,1477
2624,3180
2625,2548
2626,538
2627,194
2628,2036
2629,3276
2630,2036
2631,194
2632,538
2633,2548
2634,3180
2635,1477
2636,18
2637,1012
2638,2977
2639,2878
2640,902
2641,40
2642,1598
2643,3216
2644,2445
2645,452
2646,255
2647,2152
2648,3271
2649,1918
2650,125
2651,663
2652,2677
2653,3118
2654,1319
2655,2
2656,1163
2657,3043
2658,2767
2659,762
2660,83
2661,1759
2662,3252
2663,2302
2664,323
2665,372
2666,2338
2667,3244
2668,1718
2669,60
2670,831
2671,2824
2672,3021
2673,1124
2674,8
2675,1398
2676,3151
2677,2613
2678,599
2679,176
2680,1997
2681,3275
2682,2075
2683,194
2684,538
2685,2548
2686,3166
2687,1437
2688,12
2689,1048
2690,3000
2691,2852
2692,866
2693,60
2694,1678
2695,3236
2696,2374
2697,372
2698,323
2699,2264
2700,3252
2701,1759
2702,83
2703,796
2704,2796
2705,3021
2706,1124
2707,5
2708,1398
2709,3151
2710,2613
2711,568
2712,176
2713,2036
2714,3276
2715,2036
2716,176
2717,568
2718,2613
2719,3151
2720,1398
2721,5
2722,1124
2723,3043
2724,2796
2725,762
2726,83
2727,1799
2728,3258
2729,2264
2730,299
2731,398
2732,2410
2733,3227
2734,1598
2735,40
2736,938
2737,2904
2738,2929
2739,974
2740,32
2741,1558
2742,3216
2743,2445
2744,424
2745,276
2746,2228
2747,3258
2748,1799
2749,83
2750,762
2751,2796
2752,3043
2753,1124
2754,8
2755,1398
2756,3166
2757,2581
2758,538
2759,194
2760,2075
2761,3274
2762,1957
2763,141
2764,663
2765,2677
2766,3100
2767,1279
2768,0
2769,1279
2770,3100
2771,2677
2772,631
2773,141
2774,1957
2775,3275
2776,2075
2777,194
2778,568
2779,2581
2780,3151
2781,1358
2782,5
2783,1163
2784,3063
2785,2738
2786,728
2787,110
2788,1878
2789,3268
2790,2152
2791,233
2792,509
2793,2514
2794,3180
2795,1437
2796,8
2797,1124
2798,3021
2799,2796
2800,762
2801,96
2802,1799
2803,3264
2804,2190
2805,255
2806,480
2807,2480
2808,3193
2809,1477
2810,12
2811,1086
2812,3021
2813,2824
2814,796
2815,83
2816,1799
2817,3264
2818,2190
2819,255
2820,452
2821,2480
2822,3193
2823,1477
2824,12
2825,1086
2826,3021
2827,2796
2828,762
2829,96
2830,1799
2831,3264
2832,2190
2833,255
2834,480
2835,2514
2836,3180
2837,1437
2838,8
2839,1124
2840,3043
2841,2767
2842,728
2843,110
2844,1878
2845,3271
2846,2113
2847,213
2848,538
2849,2581
2850,3151
2851,1358
2852,2
2853,1201
2854,3082
2855,2708
2856,663
2857,141
2858,1957
2859,3275
2860,2036
2861,176
2862,599
2863,2645
2864,3118
2865,1279
2866,0
2867,1279
2868,3135
2869,2613
2870,568
2871,194
2872,2075
2873,3274
2874,1918
2875,125
2876,695
2877,2767
2878,3043
2879,1124
2880,8
2881,1437
2882,3180
2883,2514
2884,452
2885,276
2886,2228
2887,3258
2888,1759
2889,71
2890,866
2891,2878
2892,2953
2893,974
2894,32
2895,1638
2896,3236
2897,2338
2898,347
2899,398
2900,2410
2901,3216
2902,1558
2903,24
2904,1048
2905,3000
2906,2824
2907,796
2908,96
2909,1839
2910,3268
2911,2113
2912,213
2913,538
2914,2581
2915,3135
2916,1319
2917,1
2918,1279
2919,3118
2920,2645
2921,568
2922,194
2923,2075
2924,3271
2925,1878
2926,110
2927,762
2928,2796
2929,3021
2930,1048
2931,18
2932,1517
2933,3216
2934,2410
2935,372
2936,347
2937,2338
2938,3227
2939,1598
2940,24
2941,1012
2942,2977
2943,2824
2944,796
2945,96
2946,1839
2947,3271
2948,2113
2949,194
2950,568
2951,2613
2952,3118
2953,1279
2954,1
2955,1319
2956,3151
2957,2581
2958,509
2959,233
2960,2190
2961,3264
2962,1759
2963,71
2964,866
2965,2878
2966,2929
2967,938
2968,49
2969,1678
2970,3252
2971,2228
2972,276
2973,480
2974,2514
2975,3166
2976,1398
2977,2
2978,1240
2979,3100
2980,2645
2981,599
2982,194
2983,2113
2984,3271
2985,1839
2986,96
2987,796
2988,2852
2989,2977
2990,974
2991,32
2992,1638
2993,3244
2994,2302
2995,299
2996,452
2997,2480
2998,3180
2999,1398
3000,5
3001,1201
3002,3100
3003,2645
3004,599
3005,194
3006,2113
3007,3271
3008,1839
3009,83
3010,796
3011,2852
3012,2953
3013,938
3014,40
3015,1678
3016,3252
3017,2228
3018,276
3019,480
3020,2548
3021,3151
3022,1319
3023,1
3024,1279
3025,3135
3026,2581
3027,538
3028,233
3029,2190
3030,3258
3031,1718
3032,49
3033,902
3034,2929
3035,2878
3036,831
3037,83
3038,1839
3039,3268
3040,2113
3041,194
3042,599
3043,2677
3044,3082
3045,1163
3046,8
3047,1437
3048,3193
3049,2445
3050,398
3051,347
3052,2374
3053,3216
3054,1517
3055,12
3056,1124
3057,3063
3058,2738
3059,663
3060,158
3061,2036
3062,3274
3063,1878
3064,96
3065,796
3066,2852
3067,2953
3068,938
3069,49
3070,1718
3071,3258
3072,2190
3073,233
3074,538
3075,2613
3076,3118
3077,1240
3078,2
3079,1398
3080,3180
3081,2480
3082,424
3083,323
3084,2338
3085,3216
3086,1517
3087,12
3088,1124
3089,3063
3090,2708
3091,631
3092,176
3093,2075
3094,3271
3095,1839
3096,83
3097,866
3098,2904
3099,2904
3100,866
3101,71
3102,1799
3103,3268
3104,2113
3105,176
3106,631
3107,2708
3108,3063
3109,1124
3110,12
3111,1558
3112,3227
3113,2338
3114,323
3115,424
3116,2514
3117,3166
3118,1358
3119,1
3120,1279
3121,3151
3122,2548
3123,480
3124,276
3125,2302
3126,3236
3127,1598
3128,24
3129,1086
3130,3043
3131,2738
3132,663
3133,176
3134,2075
3135,3271
3136,1839
3137,71
3138,866
3139,2904
3140,2878
3141,831
3142,83
3143,1878
3144,3274
3145,2036
3146,141
3147,695
3148,2767
3149,3000
3150,1012
3151,32
3152,1678
3153,3252
3154,2228
3155,233
3156,538
3157,2645
3158,3100
3159,1201
3160,8
3161,1477
3162,3216
3163,2374
3164,347
3165,424
3166,2480
3167,3166
3168,1358
3169,0
3170,1319
3171,3151
3172,2514
3173,452
3174,323
3175,2338
3176,3216
3177,1517
3178,8
3179,1163
3180,3100
3181,2645
3182,538
3183,233
3184,2228
3185,3252
3186,1638
3187,32
3188,1048
3189,3021
3190,2738
3191,663
3192,176
3193,2075
3194,3268
3195,1799
3196,60
3197,938
3198,2953
3199,2824
3200,762
3201,125
3202,1957
3203,3275
3204,1878
3205,96
3206,831
3207,2878
3208,2904
3209,831
3210,83
3211,1878
3212,3275
3213,1997
3214,125
3215,728
3216,2824
3217,2953
3218,938
3219,60
3220,1799
3221,3268
3222,2075
3223,158
3224,663
3225,2767
3226,3000
3227,1012
3228,40
3229,1718
3230,3264
3231,2152
3232,194
3233,631
3234,2708
3235,3043
3236,1048
3237,32
3238,1638
3239,3252
3240,2190
3241,213
3242,568
3243,2677
3244,3063
3245,1086
3246,24
3247,1598
3248,3244
3249,2228
3250,233
3251,568
3252,2645
3253,3082
3254,1124
3255,18
3256,1598
3257,3236
3258,2264
3259,255
3260,538
3261,2645
3262,3082
3263,1124
3264,12
3265,1558
3266,3236
3267,2264
3268,255
3269,538
3270,2645
3271,3082
3272,1163
3273,12
3274,1558
3275,3236
3276,2264
3277,255
3278,538
3279,2645
3280,3082
3281,1124
3282,18
3283,1598
3284,3244
3285,2228
3286,255
3287,538
3288,2645
3289,3082
3290,1124
3291,18
3292,1598
3293,3244
3294,2228
3295,233
3296,568
3297,2677
3298,3063
3299,1086
3300,24
3301,1638
3302,3252
3303,2190
3304,194
3305,631
3306,2738
3307,3021
3308,1012
3309,40
3310,1718
3311,3264
3312,2113
3313,176
3314,663
3315,2767
3316,3000
3317,974
3318,60
3319,1799
3320,3271
3321,2036
3322,141
3323,728
3324,2824
3325,2953
3326,866
3327,83
3328,1878
3329,3275
3330,1957
3331,110
3332,796
3333,2904
3334,2878
3335,796
3336,110
3337,1957
3338,3274
3339,1839
3340,71
3341,902
3342,2953
3343,2796
3344,695
3345,158
3346,2075
3347,3264
3348,1718
3349,40
3350,1012
3351,3043
3352,2708
3353,599
3354,213
3355,2228
3356,3244
3357,1598
3358,18
3359,1163
3360,3100
3361,2613
3362,480
3363,299
3364,2338
3365,3216
3366,1437
3367,2
3368,1279
3369,3166
3370,2480
3371,398
3372,398
3373,2480
3374,3151
3375,1279
3376,2
3377,1477
3378,3216
3379,2338
3380,276
3381,509
3382,2645
3383,3082
3384,1124
3385,24
3386,1638
3387,3258
3388,2152
3389,194
3390,663
3391,2767
3392,2977
3393,938
3394,71
3395,1839
3396,3274
3397,1957
3398,110
3399,831
3400,2904
3401,2852
3402,762
3403,141
3404,2036
3405,3268
3406,1759
3407,40
3408,1012
3409,3043
3410,2708
3411,568
3412,233
3413,2264
3414,3236
3415,1517
3416,8
3417,1240
3418,3151
3419,2514
3420,398
3421,372
3422,2480
3423,3166
3424,1279
3425,5
3426,1477
3427,3227
3428,2302
3429,255
3430,568
3431,2677
3432,3043
3433,1048
3434,40
3435,1759
3436,3268
3437,2036
3438,125
3439,762
3440,2878
3441,2878
3442,796
3443,125
3444,1997
3445,3271
3446,1759
3447,40
3448,1012
3449,3043
3450,2677
3451,568
3452,255
3453,2302
3454,3227
3455,1477
3456,2
3457,1319
3458,3166
3459,2445
3460,347
3461,452
3462,2548
3463,3118
3464,1163
3465,18
3466,1598
3467,3252
3468,2152
3469,176
3470,663
3471,2796
3472,2953
3473,866
3474,96
3475,1918
3476,3275
3477,1839
3478,60
3479,974
3480,3021
3481,2738
3482,599
3483,233
3484,2264
3485,3227
3486,1477
3487,5
3488,1279
3489,3166
3490,2445
3491,347
3492,452
3493,2581
3494,3100
3495,1124
3496,18
3497,1638
3498,3258
3499,2113
3500,158
3501,728
3502,2852
3503,2904
3504,796
3505,125
3506,2036
3507,3268
3508,1718
3509,32
3510,1086
3511,3063
3512,2645
3513,509
3514,299
3515,2374
3516,3193
3517,1358
3518,1
3519,1437
3520,3216
3521,2302
3522,255
3523,568
3524,2708
3525,3000
3526,938
3527,71
3528,1878
3529,3276
3530,1878
3531,71
3532,938
3533,3000
3534,2738
3535,599
3536,233
3537,2264
3538,3227
3539,1477
3540,1
3541,1358
3542,3193
3543,2374
3544,299
3545,509
3546,2645
3547,3063
3548,1048
3549,49
3550,1799
3551,3274
3552,1957
3553,96
3554,866
3555,2977
3556,2767
3557,631
3558,213
3559,2228
3560,3236
3561,1477
3562,2
3563,1319
3564,3180
3565,2410
3566,299
3567,509
3568,2645
3569,3063
3570,1012
3571,49
3572,1799
3573,3274
3574,1918
3575,83
3576,902
3577,2977
3578,2738
3579,599
3580,233
3581,2264
3582,3216
3583,1437
3584,1
3585,1398
3586,3205
3587,2338
3588,255
3589,568
3590,2708
3591,3021
3592,938
3593,71
3594,1878
3595,3275
3596,1839
3597,49
3598,1012
3599,3043
3600,2645
3601,509
3602,299
3603,2410
3604,3180
3605,1279
3606,5
3607,1517
3608,3244
3609,2190
3610,176
3611,695
3612,2824
3613,2904
3614,796
3615,141
3616,2075
3617,3258
3618,1638
3619,18
3620,1201
3621,3135
3622,2480
3623,372
3624,452
3625,2581
3626,3082
3627,1086
3628,40
3629,1759
3630,3274
3631,1957
3632,83
3633,902
3634,3000
3635,2738
3636,568
3637,255
3638,2338
3639,3205
3640,1358
3641,2
3642,1477
3643,3236
3644,2228
3645,194
3646,663
3647,2824
3648,2904
3649,796
3650,141
3651,2075
3652,3258
3653,1598
3654,12
3655,1240
3656,3151
3657,2445
3658,323
3659,480
3660,2645
3661,3043
3662,1012
3663,60
3664,1839
3665,3276
3666,1839
3667,60
3668,1012
3669,3063
3670,2645
3671,480
3672,347
3673,2480
3674,3151
3675,1201
3676,18
3677,1638
3678,3264
3679,2036
3680,110
3681,831
3682,2953
3683,2767
3684,631
3685,233
3686,2302
3687,3205
3688,1358
3689,1
3690,1477
3691,3236
3692,2190
3693,194
3694,695
3695,2852
3696,2878
3697,728
3698,158
3699,2152
3700,3244
3701,1517
3702,2
3703,1319
3704,3193
3705,2338
3706,255
3707,599
3708,2767
3709,2953
3710,866
3711,110
3712,2036
3713,3264
3714,1638
3715,12
3716,1240
3717,3166
3718,2445
3719,323
3720,509
3721,2677
3722,3021
3723,938
3724,83
3725,1957
3726,3271
3727,1718
3728,24
3729,1163
3730,3135
3731,2480
3732,372
3733,452
3734,2613
3735,3063
3736,1012
3737,60
3738,1878
3739,3275
3740,1799
3741,40
3742,1086
3743,3100
3744,2548
3745,398
3746,424
3747,2581
3748,3082
3749,1048
3750,49
3751,1878
3752,3275
3753,1799
3754,40
3755,1086
3756,3100
3757,2548
3758,398
3759,424
3760,2581
3761,3082
3762,1048
3763,49
3764,1878
3765,3275
3766,1799
3767,40
3768,1086
3769,3100
3770,2548
3771,398
3772,424
3773,2613
3774,3063
3775,1012
3776,60
3777,1878
3778,3275
3779,1759
3780,32
3781,1124
3782,3118
3783,2514
3784,347
3785,480
3786,2645
3787,3043
3788,974
3789,83
3790,1957
3791,3271
3792,1718
3793,24
3794,1201
3795,3151
3796,2445
3797,323
3798,538
3799,2708
3800,3000
3801,902
3802,110
3803,2036
3804,3264
3805,1598
3806,8
3807,1279
3808,3180
3809,2338
3810,255
3811,599
3812,2796
3813,2929
3814,796
3815,158
3816,2152
3817,3244
3818,1477
3819,1
3820,1398
3821,3227
3822,2228
3823,194
3824,728
3825,2878
3826,2824
3827,663
3828,213
3829,2302
3830,3205
3831,1319
3832,5
3833,1558
3834,3258
3835,2075
3836,110
3837,866
3838,3000
3839,2708
3840,538
3841,323
3842,2445
3843,3135
3844,1163
3845,32
3846,1759
3847,3275
3848,1878
3849,49
3850,1048
3851,3100
3852,2548
3853,372
3854,452
3855,2645
3856,3043
3857,938
3858,83
3859,1997
3860,3268
3861,1638
3862,12
3863,1279
3864,3180
3865,2338
3866,255
3867,631
3868,2824
3869,2904
3870,728
3871,176
3872,2228
3873,3216
3874,1398
3875,2
3876,1517
3877,3252
3878,2075
3879,125
3880,866
3881,2977
3882,2708
3883,509
3884,323
3885,2480
3886,3118
3887,1124
3888,40
3889,1839
3890,3276
3891,1799
3892,32
3893,1124
3894,3135
3895,2445
3896,323
3897,538
3898,2738
3899,2977
3900,831
3901,141
3902,2152
3903,3244
3904,1477
3905,0
3906,1477
3907,3236
3908,2152
3909,141
3910,831
3911,2953
3912,2738
3913,538
3914,323
3915,2445
3916,3135
3917,1124
3918,40
3919,1839
3920,3276
3921,1799
3922,32
3923,1163
3924,3151
3925,2445
3926,299
3927,568
3928,2767
3929,2929
3930,762
3931,158
3932,2190
3933,3227
3934,1398
3935,2
3936,1558
3937,3258
3938,2036
3939,110
3940,902
3941,3021
3942,2645
3943,452
3944,398
3945,2581
3946,3063
3947,974
3948,83
3949,1997
3950,3268
3951,1638
3952,8
3953,1319
3954,3205
3955,2264
3956,194
3957,728
3958,2904
3959,2796
3960,599
3961,276
3962,2410
3963,3151
3964,1163
3965,32
3966,1799
3967,3276
3968,1799
3969,32
3970,1163
3971,3151
3972,2410
3973,276
3974,599
3975,2796
3976,2904
3977,728
3978,213
3979,2302
3980,3193
3981,1279
3982,12
3983,1678
3984,3271
3985,1918
3986,60
3987,1048
3988,3100
3989,2514
3990,323
3991,538
3992,2738
3993,2953
3994,796
3995,158
3996,2190
3997,3216
3998,1358
3999,5
