sample_index,time_us,dac_sample
0,0.000000,2048
1,0.200000,2048
2,0.400000,2048
3,0.600000,2048
4,0.800000,2048
5,1.000000,2048
6,1.200000,2048
7,1.400000,2048
8,1.600000,2048
9,1.800000,2048
10,2.000000,2048
11,2.200000,2048
12,2.400000,2047
13,2.600000,2047
14,2.800000,2047
15,3.000000,2047
16,3.200000,2047
17,3.400000,2046
18,3.600000,2045
19,3.800000,2045
20,4.000000,2045
21,4.200000,2045
22,4.400000,2045
23,4.600000,2043
24,4.800000,2043
25,5.000000,2043
26,5.200000,2043
27,5.400000,2044
28,5.600000,2042
29,5.800000,2043
30,6.000000,2044
31,6.200000,2045
32,6.400000,2046
33,6.600000,2047
34,6.800000,2048
35,7.000000,2049
36,7.200000,2049
37,7.400000,2050
38,7.600000,2050
39,7.800000,2050
40,8.000000,2050
41,8.200000,2049
42,8.400000,2047
43,8.600000,2046
44,8.800000,2044
45,9.000000,2040
46,9.200000,2038
47,9.400000,2035
48,9.600000,2033
49,9.800000,2031
50,10.000000,2025
51,10.200000,2023
52,10.400000,2023
53,10.600000,2022
54,10.800000,2023
55,11.000000,2024
56,11.200000,2021
57,11.400000,2023
58,11.600000,2027
59,11.800000,2030
60,12.000000,2034
61,12.200000,2036
62,12.400000,2041
63,12.600000,2045
64,12.800000,2048
65,13.000000,2051
66,13.200000,2053
67,13.400000,2056
68,13.600000,2056
69,13.800000,2055
70,14.000000,2053
71,14.200000,2050
72,14.400000,2046
73,14.600000,2041
74,14.800000,2034
75,15.000000,2027
76,15.200000,2021
77,15.400000,2015
78,15.600000,2003
79,15.800000,1997
80,16.000000,1992
81,16.200000,1989
82,16.400000,1987
83,16.600000,1979
84,16.800000,1980
85,17.000000,1984
86,17.200000,1988
87,17.400000,1995
88,17.600000,2003
89,17.800000,2006
90,18.000000,2016
91,18.200000,2025
92,18.400000,2035
93,18.600000,2044
94,18.800000,2051
95,19.000000,2058
96,19.200000,2063
97,19.400000,2065
98,19.600000,2065
99,19.800000,2062
100,20.000000,2059
101,20.200000,2051
102,20.400000,2041
103,20.600000,2031
104,20.800000,2018
105,21.000000,2000
106,21.200000,1987
107,21.400000,1974
108,21.600000,1961
109,21.800000,1952
110,22.000000,1944
111,22.200000,1928
112,22.400000,1926
113,22.600000,1927
114,22.800000,1931
115,23.000000,1938
116,23.200000,1948
117,23.400000,1953
118,23.600000,1967
119,23.800000,1984
120,24.000000,2002
121,24.200000,2019
122,24.400000,2032
123,24.600000,2048
124,24.800000,2061
125,25.000000,2069
126,25.200000,2075
127,25.400000,2077
128,25.600000,2077
129,25.800000,2070
130,26.000000,2059
131,26.200000,2044
132,26.400000,2029
133,26.600000,2006
134,26.800000,1983
135,27.000000,1960
136,27.200000,1940
137,27.400000,1920
138,27.600000,1902
139,27.800000,1875
140,28.000000,1866
141,28.200000,1860
142,28.400000,1860
143,28.600000,1864
144,28.800000,1860
145,29.000000,1876
146,29.200000,1896
147,29.400000,1920
148,29.600000,1942
149,29.800000,1969
150,30.000000,1992
151,30.200000,2019
152,30.400000,2041
153,30.600000,2061
154,30.800000,2077
155,31.000000,2090
156,31.200000,2094
157,31.400000,2092
158,31.600000,2084
159,31.800000,2069
160,32.000000,2048
161,32.200000,2025
162,32.400000,1994
163,32.600000,1962
164,32.800000,1929
165,33.000000,1897
166,33.200000,1858
167,33.400000,1830
168,33.600000,1807
169,33.800000,1791
170,34.000000,1782
171,34.200000,1780
172,34.400000,1769
173,34.600000,1783
174,34.800000,1804
175,35.000000,1832
176,35.200000,1861
177,35.400000,1887
178,35.600000,1927
179,35.800000,1966
180,36.000000,2004
181,36.200000,2038
182,36.400000,2064
183,36.600000,2089
184,36.800000,2104
185,37.000000,2111
186,37.200000,2109
187,37.400000,2097
188,37.600000,2081
189,37.800000,2052
190,38.000000,2016
191,38.200000,1976
192,38.400000,1932
193,38.600000,1887
194,38.800000,1832
195,39.000000,1794
196,39.200000,1756
197,39.400000,1726
198,39.600000,1704
199,39.800000,1673
200,40.000000,1671
201,40.200000,1680
202,40.400000,1700
203,40.600000,1725
204,40.800000,1762
205,41.000000,1792
206,41.200000,1842
207,41.400000,1894
208,41.600000,1947
209,41.800000,1996
210,42.000000,2039
211,42.200000,2078
212,42.400000,2104
213,42.600000,2123
214,42.800000,2131
215,43.000000,2126
216,43.200000,2112
217,43.400000,2083
218,43.600000,2044
219,43.800000,1996
220,44.000000,1942
221,44.200000,1885
222,44.400000,1817
223,44.600000,1759
224,44.800000,1711
225,45.000000,1665
226,45.200000,1628
227,45.400000,1582
228,45.600000,1569
229,45.800000,1570
230,46.000000,1585
231,46.200000,1613
232,46.400000,1652
233,46.600000,1686
234,46.800000,1746
235,47.000000,1810
236,47.200000,1876
237,47.400000,1941
238,47.600000,1999
239,47.800000,2054
240,48.000000,2099
241,48.200000,2131
242,48.400000,2148
243,48.600000,2151
244,48.800000,2144
245,49.000000,2118
246,49.200000,2077
247,49.400000,2024
248,49.600000,1962
249,49.800000,1887
250,50.000000,1812
251,50.200000,1738
252,50.400000,1667
253,50.600000,1604
254,50.800000,1552
255,51.000000,1491
256,51.200000,1466
257,51.400000,1457
258,51.600000,1466
259,51.800000,1491
260,52.000000,1512
261,52.200000,1569
262,52.400000,1637
263,52.600000,1713
264,52.800000,1793
265,53.000000,1874
266,53.200000,1947
267,53.400000,2020
268,53.600000,2088
269,53.800000,2134
270,54.000000,2163
271,54.200000,2179
272,54.400000,2172
273,54.600000,2145
274,54.800000,2101
275,55.000000,2042
276,55.200000,1970
277,55.400000,1883
278,55.600000,1794
279,55.800000,1704
280,56.000000,1617
281,56.200000,1538
282,56.400000,1450
283,56.600000,1395
284,56.800000,1358
285,57.000000,1341
286,57.200000,1344
287,57.400000,1368
288,57.600000,1396
289,57.800000,1460
290,58.000000,1538
291,58.200000,1627
292,58.400000,1722
293,58.600000,1811
294,58.800000,1908
295,59.000000,1997
296,59.200000,2073
297,59.400000,2134
298,59.600000,2176
299,59.800000,2201
300,60.000000,2198
301,60.200000,2172
302,60.400000,2124
303,60.600000,2058
304,60.800000,1974
305,61.000000,1877
306,61.200000,1773
307,61.400000,1666
308,61.600000,1562
309,61.800000,1457
310,62.000000,1355
311,62.200000,1289
312,62.400000,1243
313,62.600000,1220
314,62.800000,1222
315,63.000000,1223
316,63.200000,1279
317,63.400000,1352
318,63.600000,1442
319,63.800000,1545
320,64.000000,1655
321,64.200000,1760
322,64.400000,1873
323,64.600000,1989
324,64.800000,2078
325,65.000000,2148
326,65.200000,2196
327,65.400000,2225
328,65.600000,2224
329,65.800000,2191
330,66.000000,2137
331,66.200000,2059
332,66.400000,1962
333,66.600000,1851
334,66.800000,1730
335,67.000000,1594
336,67.200000,1475
337,67.400000,1366
338,67.600000,1251
339,67.800000,1174
340,68.000000,1122
341,68.200000,1095
342,68.400000,1099
343,68.600000,1107
344,68.800000,1167
345,69.000000,1250
346,69.200000,1366
347,69.400000,1485
348,69.600000,1612
349,69.800000,1733
350,70.000000,1876
351,70.200000,1993
352,70.400000,2092
353,70.600000,2170
354,70.800000,2227
355,71.000000,2252
356,71.200000,2244
357,71.400000,2206
358,71.600000,2141
359,71.800000,2039
360,72.000000,1923
361,72.200000,1794
362,72.400000,1656
363,72.600000,1502
364,72.800000,1368
365,73.000000,1229
366,73.200000,1124
367,73.400000,1036
368,73.600000,986
369,73.800000,967
370,74.000000,979
371,74.200000,1005
372,74.400000,1082
373,74.600000,1184
374,74.800000,1307
375,75.000000,1459
376,75.200000,1595
377,75.400000,1744
378,75.600000,1885
379,75.800000,2025
380,76.000000,2130
381,76.200000,2208
382,76.400000,2265
383,76.600000,2278
384,76.800000,2257
385,77.000000,2196
386,77.200000,2110
387,77.400000,1997
388,77.600000,1862
389,77.800000,1696
390,78.000000,1540
391,78.200000,1386
392,78.400000,1226
393,78.600000,1079
394,78.800000,973
395,79.000000,890
396,79.200000,849
397,79.400000,844
398,79.600000,854
399,79.800000,922
400,80.000000,1021
401,80.200000,1160
402,80.400000,1306
403,80.600000,1465
404,80.800000,1637
405,81.000000,1799
406,81.200000,1948
407,81.400000,2090
408,81.600000,2191
409,81.800000,2264
410,82.000000,2301
411,82.200000,2294
412,82.400000,2251
413,82.600000,2163
414,82.800000,2051
415,83.000000,1911
416,83.200000,1734
417,83.400000,1564
418,83.600000,1373
419,83.800000,1208
420,84.000000,1041
421,84.200000,900
422,84.400000,805
423,84.600000,739
424,84.800000,719
425,85.000000,739
426,85.200000,782
427,85.400000,879
428,85.600000,1007
429,85.800000,1177
430,86.000000,1348
431,86.200000,1537
432,86.400000,1717
433,86.600000,1904
434,86.800000,2051
435,87.000000,2172
436,87.200000,2267
437,87.400000,2317
438,87.600000,2323
439,87.800000,2285
440,88.000000,2207
441,88.200000,2081
442,88.400000,1936
443,88.600000,1746
444,88.800000,1562
445,89.000000,1353
446,89.200000,1171
447,89.400000,1004
448,89.600000,826
449,89.800000,714
450,90.000000,633
451,90.200000,602
452,90.400000,618
453,90.600000,676
454,90.800000,765
455,91.000000,901
456,91.200000,1083
457,91.400000,1266
458,91.600000,1459
459,91.800000,1668
460,92.000000,1852
461,92.200000,2035
462,92.400000,2169
463,92.600000,2277
464,92.800000,2332
465,93.000000,2347
466,93.200000,2311
467,93.400000,2220
468,93.600000,2099
469,93.800000,1927
470,94.000000,1743
471,94.200000,1523
472,94.400000,1320
473,94.600000,1101
474,94.800000,921
475,95.000000,750
476,95.200000,612
477,95.400000,524
478,95.600000,491
479,95.800000,508
480,96.000000,570
481,96.200000,669
482,96.400000,815
483,96.600000,1011
484,96.800000,1208
485,97.000000,1438
486,97.200000,1668
487,97.400000,1859
488,97.600000,2051
489,97.800000,2192
490,98.000000,2302
491,98.200000,2356
492,98.400000,2366
493,98.600000,2322
494,98.800000,2220
495,99.000000,2086
496,99.200000,1899
497,99.400000,1681
498,99.600000,1463
499,99.800000,1222
500,100.000000,1015
501,100.200000,805
502,100.400000,645
503,100.600000,494
504,100.800000,411
505,101.000000,387
506,101.200000,417
507,101.400000,494
508,101.600000,628
509,101.800000,794
510,102.000000,990
511,102.200000,1227
512,102.400000,1449
513,102.600000,1691
514,102.800000,1912
515,103.000000,2088
516,103.200000,2242
517,103.400000,2335
518,103.600000,2384
519,103.800000,2372
520,104.000000,2312
521,104.200000,2188
522,104.400000,2033
523,104.600000,1823
524,104.800000,1586
525,105.000000,1352
526,105.200000,1099
527,105.400000,861
528,105.600000,672
529,105.800000,501
530,106.000000,390
531,106.200000,304
532,106.400000,298
533,106.600000,346
534,106.800000,456
535,107.000000,620
536,107.200000,792
537,107.400000,1030
538,107.600000,1286
539,107.800000,1520
540,108.000000,1769
541,108.200000,1992
542,108.400000,2161
543,108.600000,2301
544,108.800000,2384
545,109.000000,2404
546,109.200000,2365
547,109.400000,2265
548,109.600000,2128
549,109.800000,1927
550,110.000000,1690
551,110.200000,1431
552,110.400000,1192
553,110.600000,925
554,110.800000,689
555,111.000000,509
556,111.200000,355
557,111.400000,259
558,111.600000,227
559,111.800000,237
560,112.000000,329
561,112.200000,478
562,112.400000,656
563,112.600000,891
564,112.800000,1143
565,113.000000,1388
566,113.200000,1655
567,113.400000,1900
568,113.600000,2111
569,113.800000,2259
570,114.000000,2372
571,114.200000,2419
572,114.400000,2398
573,114.600000,2324
574,114.800000,2183
575,115.000000,1989
576,115.200000,1752
577,115.400000,1515
578,115.600000,1239
579,115.800000,967
580,116.000000,715
581,116.200000,506
582,116.400000,330
583,116.600000,210
584,116.800000,157
585,117.000000,165
586,117.200000,227
587,117.400000,365
588,117.600000,558
589,117.800000,795
590,118.000000,1033
591,118.200000,1312
592,118.400000,1586
593,118.600000,1847
594,118.800000,2073
595,119.000000,2237
596,119.200000,2363
597,119.400000,2428
598,119.600000,2420
599,119.800000,2345
600,120.000000,2222
601,120.200000,2031
602,120.400000,1795
603,120.600000,1526
604,120.800000,1241
605,121.000000,987
606,121.200000,720
607,121.400000,487
608,121.600000,291
609,121.800000,162
610,122.000000,99
611,122.200000,102
612,122.400000,172
613,122.600000,307
614,122.800000,492
615,123.000000,731
616,123.200000,1003
617,123.400000,1290
618,123.600000,1548
619,123.800000,1815
620,124.000000,2052
621,124.200000,2242
622,124.400000,2372
623,124.600000,2436
624,124.800000,2428
625,125.000000,2363
626,125.200000,2227
627,125.400000,2031
628,125.600000,1788
629,125.800000,1515
630,126.000000,1221
631,126.200000,932
632,126.400000,662
633,126.600000,427
634,126.800000,257
635,127.000000,126
636,127.200000,54
637,127.400000,60
638,127.600000,140
639,127.800000,284
640,128.000000,486
641,128.200000,729
642,128.400000,1010
643,128.600000,1303
644,128.800000,1594
645,129.000000,1838
646,129.200000,2074
647,129.400000,2262
648,129.600000,2389
649,129.800000,2446
650,130.000000,2432
651,130.200000,2345
652,130.400000,2194
653,130.600000,1984
654,130.800000,1730
655,131.000000,1446
656,131.200000,1150
657,131.400000,859
658,131.600000,587
659,131.800000,357
660,132.000000,180
661,132.200000,66
662,132.400000,23
663,132.600000,52
664,132.800000,134
665,133.000000,294
666,133.200000,510
667,133.400000,770
668,133.600000,1056
669,133.800000,1353
670,134.000000,1644
671,134.200000,1911
672,134.400000,2138
673,134.600000,2309
674,134.800000,2417
675,135.000000,2455
676,135.200000,2418
677,135.400000,2309
678,135.600000,2138
679,135.800000,1911
680,136.000000,1643
681,136.200000,1351
682,136.400000,1051
683,136.600000,763
684,136.800000,501
685,137.000000,284
686,137.200000,121
687,137.400000,27
688,137.600000,7
689,137.800000,65
690,138.000000,194
691,138.200000,383
692,138.400000,624
693,138.600000,902
694,138.800000,1198
695,139.000000,1498
696,139.200000,1780
697,139.400000,2031
698,139.600000,2232
699,139.800000,2373
700,140.000000,2447
701,140.200000,2447
702,140.400000,2373
703,140.600000,2232
704,140.800000,2031
705,141.000000,1780
706,141.200000,1468
707,141.400000,1168
708,141.600000,872
709,141.800000,597
710,142.000000,360
711,142.200000,175
712,142.400000,53
713,142.600000,1
714,142.800000,24
715,143.000000,118
716,143.200000,279
717,143.400000,521
718,143.600000,786
719,143.800000,1078
720,144.000000,1379
721,144.200000,1671
722,144.400000,1936
723,144.600000,2157
724,144.800000,2324
725,145.000000,2426
726,145.200000,2454
727,145.400000,2403
728,145.600000,2281
729,145.800000,2096
730,146.000000,1860
731,146.200000,1586
732,146.400000,1290
733,146.600000,962
734,146.800000,680
735,147.000000,433
736,147.200000,232
737,147.400000,91
738,147.600000,18
739,147.800000,18
740,148.000000,103
741,148.200000,253
742,148.400000,459
743,148.600000,711
744,148.800000,995
745,149.000000,1292
746,149.200000,1617
747,149.400000,1886
748,149.600000,2117
749,149.800000,2294
750,150.000000,2408
751,150.200000,2453
752,150.400000,2415
753,150.600000,2308
754,150.800000,2138
755,151.000000,1912
756,151.200000,1618
757,151.400000,1328
758,151.600000,1032
759,151.800000,748
760,152.000000,494
761,152.200000,266
762,152.400000,120
763,152.600000,46
764,152.800000,40
765,153.000000,114
766,153.200000,254
767,153.400000,453
768,153.600000,698
769,153.800000,980
770,154.000000,1303
771,154.200000,1594
772,154.400000,1863
773,154.600000,2096
774,154.800000,2291
775,155.000000,2403
776,155.200000,2446
777,155.400000,2418
778,155.600000,2304
779,155.800000,2136
780,156.000000,1914
781,156.200000,1653
782,156.400000,1339
783,156.600000,1046
784,156.800000,766
785,157.000000,499
786,157.200000,299
787,157.400000,155
788,157.600000,77
789,157.800000,73
790,158.000000,144
791,158.200000,289
792,158.400000,506
793,158.600000,751
794,158.800000,1027
795,159.000000,1345
796,159.200000,1631
797,159.400000,1891
798,159.600000,2115
799,159.800000,2300
800,160.000000,2404
801,160.200000,2440
802,160.400000,2395
803,160.600000,2285
804,160.800000,2114
805,161.000000,1868
806,161.200000,1606
807,161.400000,1326
808,161.600000,1014
809,161.800000,746
810,162.000000,508
811,162.200000,301
812,162.400000,172
813,162.600000,121
814,162.800000,132
815,163.000000,215
816,163.200000,361
817,163.400000,584
818,163.600000,839
819,163.800000,1138
820,164.000000,1420
821,164.200000,1694
822,164.400000,1965
823,164.600000,2169
824,164.800000,2318
825,165.000000,2412
826,165.200000,2425
827,165.400000,2361
828,165.600000,2236
829,165.800000,2052
830,166.000000,1800
831,166.200000,1539
832,166.400000,1233
833,166.600000,960
834,166.800000,705
835,167.000000,478
836,167.200000,313
837,167.400000,200
838,167.600000,167
839,167.800000,200
840,168.000000,326
841,168.200000,490
842,168.400000,725
843,168.600000,975
844,168.800000,1273
845,169.000000,1546
846,169.200000,1805
847,169.400000,2052
848,169.600000,2230
849,169.800000,2361
850,170.000000,2414
851,170.200000,2393
852,170.400000,2308
853,170.600000,2146
854,170.800000,1947
855,171.000000,1683
856,171.200000,1420
857,171.400000,1158
858,171.600000,875
859,171.800000,646
860,172.000000,441
861,172.200000,309
862,172.400000,250
863,172.600000,250
864,172.800000,325
865,173.000000,455
866,173.200000,659
867,173.400000,885
868,173.600000,1174
869,173.800000,1437
870,174.000000,1718
871,174.200000,1950
872,174.400000,2161
873,174.600000,2301
874,174.800000,2386
875,175.000000,2398
876,175.200000,2339
877,175.400000,2222
878,175.600000,2033
879,175.800000,1818
880,176.000000,1551
881,176.200000,1294
882,176.400000,1015
883,176.600000,782
884,176.800000,565
885,177.000000,423
886,177.200000,336
887,177.400000,312
888,177.600000,356
889,177.800000,473
890,178.000000,650
891,178.200000,874
892,178.400000,1109
893,178.600000,1385
894,178.800000,1659
895,179.000000,1890
896,179.200000,2106
897,179.400000,2254
898,179.600000,2356
899,179.800000,2387
900,180.000000,2350
901,180.200000,2240
902,180.400000,2088
903,180.600000,1872
904,180.800000,1644
905,181.000000,1375
906,181.200000,1130
907,181.400000,892
908,181.600000,678
909,181.800000,528
910,182.000000,423
911,182.200000,387
912,182.400000,436
913,182.600000,535
914,182.800000,678
915,183.000000,885
916,183.200000,1128
917,183.400000,1366
918,183.600000,1635
919,183.800000,1857
920,184.000000,2069
921,184.200000,2233
922,184.400000,2329
923,184.600000,2366
924,184.800000,2338
925,185.000000,2253
926,185.200000,2102
927,185.400000,1901
928,185.600000,1686
929,185.800000,1438
930,186.000000,1186
931,186.200000,969
932,186.400000,763
933,186.600000,603
934,186.800000,530
935,187.000000,491
936,187.200000,518
937,187.400000,600
938,187.600000,748
939,187.800000,944
940,188.000000,1166
941,188.200000,1410
942,188.400000,1657
943,188.600000,1867
944,188.800000,2068
945,189.000000,2220
946,189.200000,2311
947,189.400000,2349
948,189.600000,2322
949,189.800000,2232
950,190.000000,2099
951,190.200000,1911
952,190.400000,1689
953,190.600000,1472
954,190.800000,1233
955,191.000000,1010
956,191.200000,837
957,191.400000,704
958,191.600000,611
959,191.800000,578
960,192.000000,611
961,192.200000,693
962,192.400000,856
963,192.600000,1041
964,192.800000,1258
965,193.000000,1468
966,193.200000,1700
967,193.400000,1917
968,193.600000,2096
969,193.800000,2221
970,194.000000,2306
971,194.200000,2331
972,194.400000,2295
973,194.600000,2207
974,194.800000,2066
975,195.000000,1883
976,195.200000,1672
977,195.400000,1446
978,195.600000,1244
979,195.800000,1055
980,196.000000,885
981,196.200000,760
982,196.400000,687
983,196.600000,672
984,196.800000,736
985,197.000000,832
986,197.200000,976
987,197.400000,1159
988,197.600000,1348
989,197.800000,1566
990,198.000000,1784
991,198.200000,1975
992,198.400000,2132
993,198.600000,2236
994,198.800000,2301
995,199.000000,2304
996,199.200000,2255
997,199.400000,2154
998,199.600000,2007
999,199.800000,1825
1000,200.000000,1640
1001,200.200000,1441
1002,200.400000,1242
1003,200.600000,1063
1004,200.800000,919
1005,201.000000,819
1006,201.200000,798
1007,201.400000,800
1008,201.600000,857
1009,201.800000,963
1010,202.000000,1112
1011,202.200000,1291
1012,202.400000,1501
1013,202.600000,1699
1014,202.800000,1886
1015,203.000000,2037
1016,203.200000,2169
1017,203.400000,2252
1018,203.600000,2287
1019,203.800000,2271
1020,204.000000,2202
1021,204.200000,2089
1022,204.400000,1937
1023,204.600000,1764
1024,204.800000,1575
1025,205.000000,1403
1026,205.200000,1226
1027,205.400000,1074
1028,205.600000,982
1029,205.800000,912
1030,206.000000,892
1031,206.200000,921
1032,206.400000,999
1033,206.600000,1119
1034,206.800000,1290
1035,207.000000,1463
1036,207.200000,1645
1037,207.400000,1823
1038,207.600000,1986
1039,207.800000,2118
1040,208.000000,2211
1041,208.200000,2259
1042,208.400000,2265
1043,208.600000,2224
1044,208.800000,2138
1045,209.000000,2014
1046,209.200000,1863
1047,209.400000,1694
1048,209.600000,1520
1049,209.800000,1352
1050,210.000000,1223
1051,210.200000,1107
1052,210.400000,1029
1053,210.600000,994
1054,210.800000,1004
1055,211.000000,1060
1056,211.200000,1177
1057,211.400000,1304
1058,211.600000,1456
1059,211.800000,1620
1060,212.000000,1785
1061,212.200000,1942
1062,212.400000,2072
1063,212.600000,2170
1064,212.800000,2230
1065,213.000000,2248
1066,213.200000,2222
1067,213.400000,2152
1068,213.600000,2050
1069,213.800000,1919
1070,214.000000,1756
1071,214.200000,1598
1072,214.400000,1459
1073,214.600000,1325
1074,214.800000,1214
1075,215.000000,1137
1076,215.200000,1097
1077,215.400000,1099
1078,215.600000,1166
1079,215.800000,1245
1080,216.000000,1354
1081,216.200000,1487
1082,216.400000,1634
1083,216.600000,1791
1084,216.800000,1929
1085,217.000000,2050
1086,217.200000,2151
1087,217.400000,2208
1088,217.600000,2228
1089,217.800000,2204
1090,218.000000,2148
1091,218.200000,2059
1092,218.400000,1944
1093,218.600000,1811
1094,218.800000,1670
1095,219.000000,1545
1096,219.200000,1410
1097,219.400000,1309
1098,219.600000,1237
1099,219.800000,1198
1100,220.000000,1222
1101,220.200000,1256
1102,220.400000,1323
1103,220.600000,1419
1104,220.800000,1548
1105,221.000000,1679
1106,221.200000,1820
1107,221.400000,1942
1108,221.600000,2049
1109,221.800000,2133
1110,222.000000,2187
1111,222.200000,2203
1112,222.400000,2186
1113,222.600000,2137
1114,222.800000,2058
1115,223.000000,1956
1116,223.200000,1838
1117,223.400000,1712
1118,223.600000,1592
1119,223.800000,1484
1120,224.000000,1395
1121,224.200000,1331
1122,224.400000,1321
1123,224.600000,1321
1124,224.800000,1354
1125,225.000000,1416
1126,225.200000,1502
1127,225.400000,1607
1128,225.600000,1743
1129,225.800000,1857
1130,226.000000,1964
1131,226.200000,2057
1132,226.400000,2128
1133,226.600000,2172
1134,226.800000,2184
1135,227.000000,2166
1136,227.200000,2120
1137,227.400000,2042
1138,227.600000,1949
1139,227.800000,1851
1140,228.000000,1745
1141,228.200000,1641
1142,228.400000,1540
1143,228.600000,1466
1144,228.800000,1436
1145,229.000000,1413
1146,229.200000,1418
1147,229.400000,1452
1148,229.600000,1510
1149,229.800000,1597
1150,230.000000,1704
1151,230.200000,1802
1152,230.400000,1900
1153,230.600000,1999
1154,230.800000,2075
1155,231.000000,2127
1156,231.200000,2158
1157,231.400000,2164
1158,231.600000,2141
1159,231.800000,2096
1160,232.000000,2022
1161,232.200000,1943
1162,232.400000,1854
1163,232.600000,1762
1164,232.800000,1667
1165,233.000000,1592
1166,233.200000,1553
1167,233.400000,1514
1168,233.600000,1502
1169,233.800000,1514
1170,234.000000,1553
1171,234.200000,1610
1172,234.400000,1697
1173,234.600000,1784
1174,234.800000,1869
1175,235.000000,1951
1176,235.200000,2031
1177,235.400000,2088
1178,235.600000,2127
1179,235.800000,2147
1180,236.000000,2142
1181,236.200000,2115
1182,236.400000,2065
1183,236.600000,2003
1184,236.800000,1932
1185,237.000000,1848
1186,237.200000,1772
1187,237.400000,1696
1188,237.600000,1656
1189,237.800000,1616
1190,238.000000,1592
1191,238.200000,1591
1192,238.400000,1610
1193,238.600000,1652
1194,238.800000,1721
1195,239.000000,1790
1196,239.200000,1860
1197,239.400000,1930
1198,239.600000,2002
1199,239.800000,2058
1200,240.000000,2101
1201,240.200000,2125
1202,240.400000,2130
1203,240.600000,2116
1204,240.800000,2085
1205,241.000000,2035
1206,241.200000,1980
1207,241.400000,1912
1208,241.600000,1848
1209,241.800000,1787
1210,242.000000,1729
1211,242.200000,1706
1212,242.400000,1679
1213,242.600000,1670
1214,242.800000,1680
1215,243.000000,1706
1216,243.200000,1760
1217,243.400000,1813
1218,243.600000,1868
1219,243.800000,1931
1220,244.000000,1986
1221,244.200000,2041
1222,244.400000,2078
1223,244.600000,2105
1224,244.800000,2115
1225,245.000000,2109
1226,245.200000,2089
1227,245.400000,2052
1228,245.600000,2010
1229,245.800000,1957
1230,246.000000,1905
1231,246.200000,1850
1232,246.400000,1805
1233,246.600000,1781
1234,246.800000,1757
1235,247.000000,1746
1236,247.200000,1749
1237,247.400000,1767
1238,247.600000,1810
1239,247.800000,1850
1240,248.000000,1892
1241,248.200000,1942
1242,248.400000,1987
1243,248.600000,2032
1244,248.800000,2064
1245,249.000000,2089
1246,249.200000,2100
1247,249.400000,2099
1248,249.600000,2085
1249,249.800000,2059
1250,250.000000,2025
1251,250.200000,1987
1252,250.400000,1944
1253,250.600000,1904
1254,250.800000,1864
1255,251.000000,1847
1256,251.200000,1825
1257,251.400000,1814
1258,251.600000,1815
1259,251.800000,1827
1260,252.000000,1861
1261,252.200000,1890
1262,252.400000,1922
1263,252.600000,1960
1264,252.800000,1998
1265,253.000000,2030
1266,253.200000,2058
1267,253.400000,2076
1268,253.600000,2087
1269,253.800000,2087
1270,254.000000,2078
1271,254.200000,2058
1272,254.400000,2035
1273,254.600000,2005
1274,254.800000,1972
1275,255.000000,1942
1276,255.200000,1912
1277,255.400000,1899
1278,255.600000,1884
1279,255.800000,1875
1280,256.000000,1874
1281,256.200000,1883
1282,256.400000,1911
1283,256.600000,1930
1284,256.800000,1956
1285,257.000000,1983
1286,257.200000,2009
1287,257.400000,2035
1288,257.600000,2055
1289,257.800000,2068
1290,258.000000,2076
1291,258.200000,2076
1292,258.400000,2069
1293,258.600000,2055
1294,258.800000,2037
1295,259.000000,2017
1296,259.200000,1994
1297,259.400000,1971
1298,259.600000,1951
1299,259.800000,1943
1300,260.000000,1932
1301,260.200000,1926
1302,260.400000,1926
1303,260.600000,1933
1304,260.800000,1945
1305,261.000000,1968
1306,261.200000,1986
1307,261.400000,2005
1308,261.600000,2023
1309,261.800000,2040
1310,262.000000,2054
1311,262.200000,2063
1312,262.400000,2067
1313,262.600000,2066
1314,262.800000,2061
1315,263.000000,2051
1316,263.200000,2039
1317,263.400000,2025
1318,263.600000,2009
1319,263.800000,1994
1320,264.000000,1982
1321,264.200000,1979
1322,264.400000,1972
1323,264.600000,1969
1324,264.800000,1970
1325,265.000000,1974
1326,265.200000,1983
1327,265.400000,2000
1328,265.600000,2011
1329,265.800000,2023
1330,266.000000,2035
1331,266.200000,2045
1332,266.400000,2053
1333,266.600000,2057
1334,266.800000,2059
1335,267.000000,2058
1336,267.200000,2054
1337,267.400000,2048
1338,267.600000,2041
1339,267.800000,2032
1340,268.000000,2023
1341,268.200000,2014
1342,268.400000,2006
1343,268.600000,2007
1344,268.800000,2004
1345,269.000000,2003
1346,269.200000,2004
1347,269.400000,2008
1348,269.600000,2013
1349,269.800000,2024
1350,270.000000,2030
1351,270.200000,2036
1352,270.400000,2043
1353,270.600000,2048
1354,270.800000,2051
1355,271.000000,2053
1356,271.200000,2054
1357,271.400000,2053
1358,271.600000,2050
1359,271.800000,2046
1360,272.000000,2043
1361,272.200000,2038
1362,272.400000,2034
1363,272.600000,2030
1364,272.800000,2026
1365,273.000000,2029
1366,273.200000,2028
1367,273.400000,2028
1368,273.600000,2029
1369,273.800000,2031
1370,274.000000,2033
1371,274.200000,2039
1372,274.400000,2042
1373,274.600000,2044
1374,274.800000,2047
1375,275.000000,2048
1376,275.200000,2049
1377,275.400000,2050
1378,275.600000,2050
1379,275.800000,2049
1380,276.000000,2048
1381,276.200000,2046
1382,276.400000,2045
1383,276.600000,2044
1384,276.800000,2043
1385,277.000000,2041
1386,277.200000,2041
1387,277.400000,2043
1388,277.600000,2043
1389,277.800000,2043
1390,278.000000,2043
1391,278.200000,2044
1392,278.400000,2044
1393,278.600000,2046
1394,278.800000,2047
1395,279.000000,2047
1396,279.200000,2048
1397,279.400000,2048
1398,279.600000,2048
1399,279.800000,2048
1400,280.000000,2048
1401,280.200000,2048
1402,280.400000,2047
1403,280.600000,2047
1404,280.800000,2047
1405,281.000000,2047
1406,281.200000,2047
1407,281.400000,2047
1408,281.600000,2047
1409,281.800000,2048
