address,state_number,temperature,salinity,turbidity,range,fc_hz,bandwidth_hz,pulse_duration_us,amplitude,mode,valid,fallback,reason
0x00,0,0,0,0,0,428400,80000,2000,600,GEOMETRIC,True,False,VALID
0x01,1,0,0,0,1,321300,80000,4000,800,LFM,True,False,VALID
0x02,2,0,0,0,2,192780,60000,8000,1000,PHASE_CODED,True,False,VALID
0x04,3,0,0,1,0,428400,80000,2000,600,GEOMETRIC,True,False,VALID
0x05,4,0,0,1,1,321300,80000,4000,800,LFM,True,False,VALID
0x06,5,0,0,1,2,192780,60000,8000,1000,PHASE_CODED,True,False,VALID
0x08,6,0,0,2,0,428400,64000,2000,600,GEOMETRIC,True,False,VALID
0x09,7,0,0,2,1,321300,64000,4000,800,LFM,True,False,VALID
0x0A,8,0,0,2,2,192780,48000,8000,1000,PHASE_CODED,True,False,VALID
0x10,9,0,1,0,0,420000,80000,2000,600,GEOMETRIC,True,False,VALID
0x11,10,0,1,0,1,315000,80000,4000,800,LFM,True,False,VALID
0x12,11,0,1,0,2,189000,60000,8000,1000,PHASE_CODED,True,False,VALID
0x14,12,0,1,1,0,420000,80000,2000,600,GEOMETRIC,True,False,VALID
0x15,13,0,1,1,1,315000,80000,4000,800,LFM,True,False,VALID
0x16,14,0,1,1,2,189000,60000,8000,1000,PHASE_CODED,True,False,VALID
0x18,15,0,1,2,0,420000,64000,2000,600,GEOMETRIC,True,False,VALID
0x19,16,0,1,2,1,315000,64000,4000,800,LFM,True,False,VALID
0x1A,17,0,1,2,2,189000,48000,8000,1000,PHASE_CODED,True,False,VALID
0x20,18,0,2,0,0,411600,80000,2000,600,GEOMETRIC,True,False,VALID
0x21,19,0,2,0,1,308700,80000,4000,800,LFM,True,False,VALID
0x22,20,0,2,0,2,185220,60000,8000,1000,PHASE_CODED,True,False,VALID
0x24,21,0,2,1,0,411600,80000,2000,600,GEOMETRIC,True,False,VALID
0x25,22,0,2,1,1,308700,80000,4000,800,LFM,True,False,VALID
0x26,23,0,2,1,2,185220,60000,8000,1000,PHASE_CODED,True,False,VALID
0x28,24,0,2,2,0,411600,64000,2000,600,GEOMETRIC,True,False,VALID
0x29,25,0,2,2,1,308700,64000,4000,800,LFM,True,False,VALID
0x2A,26,0,2,2,2,185220,48000,8000,1000,PHASE_CODED,True,False,VALID
0x40,27,1,0,0,0,408000,80000,2000,600,GEOMETRIC,True,False,VALID
0x41,28,1,0,0,1,306000,80000,4000,800,LFM,True,False,VALID
0x42,29,1,0,0,2,183600,60000,8000,1000,PHASE_CODED,True,False,VALID
0x44,30,1,0,1,0,408000,80000,2000,600,GEOMETRIC,True,False,VALID
0x45,31,1,0,1,1,306000,80000,4000,800,LFM,True,False,VALID
0x46,32,1,0,1,2,183600,60000,8000,1000,PHASE_CODED,True,False,VALID
0x48,33,1,0,2,0,408000,64000,2000,600,GEOMETRIC,True,False,VALID
0x49,34,1,0,2,1,306000,64000,4000,800,LFM,True,False,VALID
0x4A,35,1,0,2,2,183600,48000,8000,1000,PHASE_CODED,True,False,VALID
0x50,36,1,1,0,0,400000,80000,2000,600,GEOMETRIC,True,False,VALID
0x51,37,1,1,0,1,300000,80000,4000,800,LFM,True,False,VALID
0x52,38,1,1,0,2,180000,60000,8000,1000,PHASE_CODED,True,False,VALID
0x54,39,1,1,1,0,400000,80000,2000,600,GEOMETRIC,True,False,VALID
0x55,40,1,1,1,1,300000,80000,4000,800,LFM,True,False,VALID
0x56,41,1,1,1,2,180000,60000,8000,1000,PHASE_CODED,True,False,VALID
0x58,42,1,1,2,0,400000,64000,2000,600,GEOMETRIC,True,False,VALID
0x59,43,1,1,2,1,300000,64000,4000,800,LFM,True,False,VALID
0x5A,44,1,1,2,2,180000,48000,8000,1000,PHASE_CODED,True,False,VALID
0x60,45,1,2,0,0,392000,80000,2000,600,GEOMETRIC,True,False,VALID
0x61,46,1,2,0,1,294000,80000,4000,800,LFM,True,False,VALID
0x62,47,1,2,0,2,176400,60000,8000,1000,PHASE_CODED,True,False,VALID
0x64,48,1,2,1,0,392000,80000,2000,600,GEOMETRIC,True,False,VALID
0x65,49,1,2,1,1,294000,80000,4000,800,LFM,True,False,VALID
0x66,50,1,2,1,2,176400,60000,8000,1000,PHASE_CODED,True,False,VALID
0x68,51,1,2,2,0,392000,64000,2000,600,GEOMETRIC,True,False,VALID
0x69,52,1,2,2,1,294000,64000,4000,800,LFM,True,False,VALID
0x6A,53,1,2,2,2,176400,48000,8000,1000,PHASE_CODED,True,False,VALID
0x80,54,2,0,0,0,387600,80000,2000,600,GEOMETRIC,True,False,VALID
0x81,55,2,0,0,1,290700,80000,4000,800,LFM,True,False,VALID
0x82,56,2,0,0,2,174420,60000,8000,1000,PHASE_CODED,True,False,VALID
0x84,57,2,0,1,0,387600,80000,2000,600,GEOMETRIC,True,False,VALID
0x85,58,2,0,1,1,290700,80000,4000,800,LFM,True,False,VALID
0x86,59,2,0,1,2,174420,60000,8000,1000,PHASE_CODED,True,False,VALID
0x88,60,2,0,2,0,387600,64000,2000,600,GEOMETRIC,True,False,VALID
0x89,61,2,0,2,1,290700,64000,4000,800,LFM,True,False,VALID
0x8A,62,2,0,2,2,174420,48000,8000,1000,PHASE_CODED,True,False,VALID
0x90,63,2,1,0,0,380000,80000,2000,600,GEOMETRIC,True,False,VALID
0x91,64,2,1,0,1,285000,80000,4000,800,LFM,True,False,VALID
0x92,65,2,1,0,2,171000,60000,8000,1000,PHASE_CODED,True,False,VALID
0x94,66,2,1,1,0,380000,80000,2000,600,GEOMETRIC,True,False,VALID
0x95,67,2,1,1,1,285000,80000,4000,800,LFM,True,False,VALID
0x96,68,2,1,1,2,171000,60000,8000,1000,PHASE_CODED,True,False,VALID
0x98,69,2,1,2,0,380000,64000,2000,600,GEOMETRIC,True,False,VALID
0x99,70,2,1,2,1,285000,64000,4000,800,LFM,True,False,VALID
0x9A,71,2,1,2,2,171000,48000,8000,1000,PHASE_CODED,True,False,VALID
0xA0,72,2,2,0,0,372400,80000,2000,600,GEOMETRIC,True,False,VALID
0xA1,73,2,2,0,1,279300,80000,4000,800,LFM,True,False,VALID
0xA2,74,2,2,0,2,167580,60000,8000,1000,PHASE_CODED,True,False,VALID
0xA4,75,2,2,1,0,372400,80000,2000,600,GEOMETRIC,True,False,VALID
0xA5,76,2,2,1,1,279300,80000,4000,800,LFM,True,False,VALID
0xA6,77,2,2,1,2,167580,60000,8000,1000,PHASE_CODED,True,False,VALID
0xA8,78,2,2,2,0,372400,64000,2000,600,GEOMETRIC,True,False,VALID
0xA9,79,2,2,2,1,279300,64000,4000,800,LFM,True,False,VALID
0xAA,80,2,2,2,2,167580,48000,8000,1000,PHASE_CODED,True,False,VALID
