address,temperature_state,salinity_state,turbidity_state,range_state,fc_hz,bandwidth_hz,start_frequency_hz,end_frequency_hz,pulse_duration_us,amplitude,mode,valid
0x00,0,0,0,0,230000.0,1000,229500.0,230500.0,2000.0,600,GEOMETRIC,False
0x01,0,0,0,1,203490.0,25000.0,190990.0,215990.0,4000.0,800,GEOMETRIC,True
0x02,0,0,0,2,160650.0,25000.0,148150.0,173150.0,8000.0,1000,LFM,True
0x04,0,0,1,0,230000.0,1000,229500.0,230500.0,2000.0,600,GEOMETRIC,False
0x05,0,0,1,1,203490.0,25000.0,190990.0,215990.0,4000.0,800,GEOMETRIC,True
0x06,0,0,1,2,160650.0,25000.0,148150.0,173150.0,8000.0,1000,LFM,True
0x08,0,0,2,0,230000.0,1000,229500.0,230500.0,2000.0,600,GEOMETRIC,False
0x09,0,0,2,1,203490.0,20000.0,193490.0,213490.0,4000.0,800,GEOMETRIC,True
0x0A,0,0,2,2,160650.0,20000.0,150650.0,170650.0,8000.0,1000,LFM,True
0x10,0,1,0,0,225750.0,8500.0,221500.0,230000.0,2000.0,600,GEOMETRIC,True
0x11,0,1,0,1,199500.0,25000.0,187000.0,212000.0,4000.0,800,GEOMETRIC,True
0x12,0,1,0,2,157500.0,25000.0,145000.0,170000.0,8000.0,1000,LFM,True
0x14,0,1,1,0,225750.0,8500.0,221500.0,230000.0,2000.0,600,GEOMETRIC,True
0x15,0,1,1,1,199500.0,25000.0,187000.0,212000.0,4000.0,800,GEOMETRIC,True
0x16,0,1,1,2,157500.0,25000.0,145000.0,170000.0,8000.0,1000,LFM,True
0x18,0,1,2,0,225750.0,8500.0,221500.0,230000.0,2000.0,600,GEOMETRIC,True
0x19,0,1,2,1,199500.0,20000.0,189500.0,209500.0,4000.0,800,GEOMETRIC,True
0x1A,0,1,2,2,157500.0,20000.0,147500.0,167500.0,8000.0,1000,LFM,True
0x20,0,2,0,0,221235.0,17530.0,212470.0,230000.0,2000.0,600,GEOMETRIC,True
0x21,0,2,0,1,195510.0,25000.0,183010.0,208010.0,4000.0,800,GEOMETRIC,True
0x22,0,2,0,2,154350.0,25000.0,141850.0,166850.0,8000.0,1000,LFM,True
0x24,0,2,1,0,221235.0,17530.0,212470.0,230000.0,2000.0,600,GEOMETRIC,True
0x25,0,2,1,1,195510.0,25000.0,183010.0,208010.0,4000.0,800,GEOMETRIC,True
0x26,0,2,1,2,154350.0,25000.0,141850.0,166850.0,8000.0,1000,LFM,True
0x28,0,2,2,0,221235.0,17530.0,212470.0,230000.0,2000.0,600,GEOMETRIC,True
0x29,0,2,2,1,195510.0,20000.0,185510.0,205510.0,4000.0,800,GEOMETRIC,True
0x2A,0,2,2,2,154350.0,20000.0,144350.0,164350.0,8000.0,1000,LFM,True
0x40,1,0,0,0,219300.0,21400.0,208600.0,230000.0,2000.0,600,GEOMETRIC,True
0x41,1,0,0,1,193800.0,25000.0,181300.0,206300.0,4000.0,800,GEOMETRIC,True
0x42,1,0,0,2,153000.0,25000.0,140500.0,165500.0,8000.0,1000,LFM,True
0x44,1,0,1,0,219300.0,21400.0,208600.0,230000.0,2000.0,600,GEOMETRIC,True
0x45,1,0,1,1,193800.0,25000.0,181300.0,206300.0,4000.0,800,GEOMETRIC,True
0x46,1,0,1,2,153000.0,25000.0,140500.0,165500.0,8000.0,1000,LFM,True
0x48,1,0,2,0,219300.0,20000.0,209300.0,229300.0,2000.0,600,GEOMETRIC,True
0x49,1,0,2,1,193800.0,20000.0,183800.0,203800.0,4000.0,800,GEOMETRIC,True
0x4A,1,0,2,2,153000.0,20000.0,143000.0,163000.0,8000.0,1000,LFM,True
0x50,1,1,0,0,215000.0,25000.0,202500.0,227500.0,2000.0,600,GEOMETRIC,True
0x51,1,1,0,1,190000.0,25000.0,177500.0,202500.0,4000.0,800,GEOMETRIC,True
0x52,1,1,0,2,150000.0,25000.0,137500.0,162500.0,8000.0,1000,LFM,True
0x54,1,1,1,0,215000.0,25000.0,202500.0,227500.0,2000.0,600,GEOMETRIC,True
0x55,1,1,1,1,190000.0,25000.0,177500.0,202500.0,4000.0,800,GEOMETRIC,True
0x56,1,1,1,2,150000.0,25000.0,137500.0,162500.0,8000.0,1000,LFM,True
0x58,1,1,2,0,215000.0,20000.0,205000.0,225000.0,2000.0,600,GEOMETRIC,True
0x59,1,1,2,1,190000.0,20000.0,180000.0,200000.0,4000.0,800,GEOMETRIC,True
0x5A,1,1,2,2,150000.0,20000.0,140000.0,160000.0,8000.0,1000,LFM,True
0x60,1,2,0,0,210700.0,25000.0,198200.0,223200.0,2000.0,600,GEOMETRIC,True
0x61,1,2,0,1,186200.0,25000.0,173700.0,198700.0,4000.0,800,GEOMETRIC,True
0x62,1,2,0,2,147000.0,25000.0,134500.0,159500.0,8000.0,1000,LFM,True
0x64,1,2,1,0,210700.0,25000.0,198200.0,223200.0,2000.0,600,GEOMETRIC,True
0x65,1,2,1,1,186200.0,25000.0,173700.0,198700.0,4000.0,800,GEOMETRIC,True
0x66,1,2,1,2,147000.0,25000.0,134500.0,159500.0,8000.0,1000,LFM,True
0x68,1,2,2,0,210700.0,20000.0,200700.0,220700.0,2000.0,600,GEOMETRIC,True
0x69,1,2,2,1,186200.0,20000.0,176200.0,196200.0,4000.0,800,GEOMETRIC,True
0x6A,1,2,2,2,147000.0,20000.0,137000.0,157000.0,8000.0,1000,LFM,True
0x80,2,0,0,0,208335.0,25000.0,195835.0,220835.0,2000.0,600,GEOMETRIC,True
0x81,2,0,0,1,184110.0,25000.0,171610.0,196610.0,4000.0,800,GEOMETRIC,True
0x82,2,0,0,2,145350.0,25000.0,132850.0,157850.0,8000.0,1000,LFM,True
0x84,2,0,1,0,208335.0,25000.0,195835.0,220835.0,2000.0,600,GEOMETRIC,True
0x85,2,0,1,1,184110.0,25000.0,171610.0,196610.0,4000.0,800,GEOMETRIC,True
0x86,2,0,1,2,145350.0,25000.0,132850.0,157850.0,8000.0,1000,LFM,True
0x88,2,0,2,0,208335.0,20000.0,198335.0,218335.0,2000.0,600,GEOMETRIC,True
0x89,2,0,2,1,184110.0,20000.0,174110.0,194110.0,4000.0,800,GEOMETRIC,True
0x8A,2,0,2,2,145350.0,20000.0,135350.0,155350.0,8000.0,1000,LFM,True
0x90,2,1,0,0,204250.0,25000.0,191750.0,216750.0,2000.0,600,GEOMETRIC,True
0x91,2,1,0,1,180500.0,25000.0,168000.0,193000.0,4000.0,800,GEOMETRIC,True
0x92,2,1,0,2,142500.0,25000.0,130000.0,155000.0,8000.0,1000,LFM,True
0x94,2,1,1,0,204250.0,25000.0,191750.0,216750.0,2000.0,600,GEOMETRIC,True
0x95,2,1,1,1,180500.0,25000.0,168000.0,193000.0,4000.0,800,GEOMETRIC,True
0x96,2,1,1,2,142500.0,25000.0,130000.0,155000.0,8000.0,1000,LFM,True
0x98,2,1,2,0,204250.0,20000.0,194250.0,214250.0,2000.0,600,GEOMETRIC,True
0x99,2,1,2,1,180500.0,20000.0,170500.0,190500.0,4000.0,800,GEOMETRIC,True
0x9A,2,1,2,2,142500.0,20000.0,132500.0,152500.0,8000.0,1000,LFM,True
0xA0,2,2,0,0,200165.0,25000.0,187665.0,212665.0,2000.0,600,GEOMETRIC,True
0xA1,2,2,0,1,176890.0,25000.0,164390.0,189390.0,4000.0,800,GEOMETRIC,True
0xA2,2,2,0,2,139650.0,25000.0,127150.0,152150.0,8000.0,1000,LFM,True
0xA4,2,2,1,0,200165.0,25000.0,187665.0,212665.0,2000.0,600,GEOMETRIC,True
0xA5,2,2,1,1,176890.0,25000.0,164390.0,189390.0,4000.0,800,GEOMETRIC,True
0xA6,2,2,1,2,139650.0,25000.0,127150.0,152150.0,8000.0,1000,LFM,True
0xA8,2,2,2,0,200165.0,20000.0,190165.0,210165.0,2000.0,600,GEOMETRIC,True
0xA9,2,2,2,1,176890.0,20000.0,166890.0,186890.0,4000.0,800,GEOMETRIC,True
0xAA,2,2,2,2,139650.0,20000.0,129650.0,149650.0,8000.0,1000,LFM,True
