Parameter,Value,Units
shell_length,300.0,mm
outer_diameter,110.0,mm
wall,4.0,mm
cap_thickness,8.0,mm
collar_diameter,120.0,mm
collar_length,18.0,mm
lip_length,8.0,mm
lip_diametral_clearance,0.6,mm
oring_groove_width,3.2,mm
oring_groove_depth,1.5,mm
oring_section,2.0,mm
cap_bolt_pcd,110.0,mm
cap_hole,4.5,mm
insert_pilot,4.6,mm
tray_length,268.0,mm
tray_width,84.0,mm
tray_thickness,3.0,mm
tray_bottom,-20.0,mm
standoff_height,8.0,mm
pcb_hole,3.4,mm
fpga_length,130.0,mm
fpga_width,80.0,mm
fpga_mount_x,118.0,mm
fpga_mount_y,70.0,mm
rail_length,220.0,mm
rail_width,16.0,mm
rail_spacing,76.0,mm
saddle_spacing,182.0,mm
hull_slot_spacing,104.0,mm
m5_slot_width,5.5,mm
m5_slot_length,18.0,mm
sensor_hole,16.2,mm
debug_hole,12.2,mm
status_hole,8.2,mm
power_hole,12.2,mm
analog_hole,12.2,mm
transducer_hole,16.2,mm
connector_projection,7.0,mm
inner_diameter,102.0,mm
overall_length,330.0,mm
